[2026-08-23T12:13:55.271+0000] {processor.py:161} INFO - Started process (PID=168) to work on /opt/airflow/dags/offshore_scada_pipeline_dag.py
[2026-08-23T12:13:55.273+0000] {processor.py:830} INFO - Processing file /opt/airflow/dags/offshore_scada_pipeline_dag.py for tasks to queue
[2026-08-23T12:13:55.281+0000] {logging_mixin.py:188} INFO - [2026-08-23T12:13:55.277+0000] {dagbag.py:538} INFO - Filling up the DagBag from /opt/airflow/dags/offshore_scada_pipeline_dag.py
[2026-08-23T12:13:56.552+0000] {processor.py:840} INFO - DAG(s) 'malaysia_offshore_scada_pipeline' retrieved from /opt/airflow/dags/offshore_scada_pipeline_dag.py
[2026-08-23T12:13:56.852+0000] {logging_mixin.py:188} INFO - [2026-08-23T12:13:56.852+0000] {override.py:1769} INFO - Created Permission View: can delete on DAG:malaysia_offshore_scada_pipeline
[2026-08-23T12:13:56.855+0000] {logging_mixin.py:188} INFO - [2026-08-23T12:13:56.855+0000] {override.py:1769} INFO - Created Permission View: can edit on DAG:malaysia_offshore_scada_pipeline
[2026-08-23T12:13:56.857+0000] {logging_mixin.py:188} INFO - [2026-08-23T12:13:56.857+0000] {override.py:1769} INFO - Created Permission View: can read on DAG:malaysia_offshore_scada_pipeline
[2026-08-23T12:13:56.858+0000] {logging_mixin.py:188} INFO - [2026-08-23T12:13:56.858+0000] {dag.py:3036} INFO - Sync 1 DAGs
[2026-08-23T12:13:56.866+0000] {logging_mixin.py:188} INFO - [2026-08-23T12:13:56.865+0000] {dag.py:3058} INFO - Creating ORM DAG for malaysia_offshore_scada_pipeline
[2026-08-23T12:13:56.880+0000] {logging_mixin.py:188} INFO - [2026-08-23T12:13:56.880+0000] {dag.py:3823} INFO - Setting next_dagrun for malaysia_offshore_scada_pipeline to 2026-08-23 11:00:00+00:00, run_after=2026-08-23 12:00:00+00:00
[2026-08-23T12:13:57.769+0000] {processor.py:183} INFO - Processing /opt/airflow/dags/offshore_scada_pipeline_dag.py took 2.524 seconds
[2026-08-23T12:14:28.118+0000] {processor.py:161} INFO - Started process (PID=174) to work on /opt/airflow/dags/offshore_scada_pipeline_dag.py
[2026-08-23T12:14:28.122+0000] {processor.py:830} INFO - Processing file /opt/airflow/dags/offshore_scada_pipeline_dag.py for tasks to queue
[2026-08-23T12:14:28.126+0000] {logging_mixin.py:188} INFO - [2026-08-23T12:14:28.125+0000] {dagbag.py:538} INFO - Filling up the DagBag from /opt/airflow/dags/offshore_scada_pipeline_dag.py
[2026-08-23T12:14:28.391+0000] {processor.py:840} INFO - DAG(s) 'malaysia_offshore_scada_pipeline' retrieved from /opt/airflow/dags/offshore_scada_pipeline_dag.py
[2026-08-23T12:14:28.412+0000] {logging_mixin.py:188} INFO - [2026-08-23T12:14:28.412+0000] {dag.py:3036} INFO - Sync 1 DAGs
[2026-08-23T12:14:28.426+0000] {logging_mixin.py:188} INFO - [2026-08-23T12:14:28.426+0000] {dag.py:3823} INFO - Setting next_dagrun for malaysia_offshore_scada_pipeline to 2026-08-23 11:00:00+00:00, run_after=2026-08-23 12:00:00+00:00
[2026-08-23T12:14:28.438+0000] {processor.py:183} INFO - Processing /opt/airflow/dags/offshore_scada_pipeline_dag.py took 0.325 seconds
[2026-08-23T12:14:58.731+0000] {processor.py:161} INFO - Started process (PID=180) to work on /opt/airflow/dags/offshore_scada_pipeline_dag.py
[2026-08-23T12:14:58.733+0000] {processor.py:830} INFO - Processing file /opt/airflow/dags/offshore_scada_pipeline_dag.py for tasks to queue
[2026-08-23T12:14:58.734+0000] {logging_mixin.py:188} INFO - [2026-08-23T12:14:58.734+0000] {dagbag.py:538} INFO - Filling up the DagBag from /opt/airflow/dags/offshore_scada_pipeline_dag.py
[2026-08-23T12:14:58.919+0000] {processor.py:840} INFO - DAG(s) 'malaysia_offshore_scada_pipeline' retrieved from /opt/airflow/dags/offshore_scada_pipeline_dag.py
[2026-08-23T12:14:58.936+0000] {logging_mixin.py:188} INFO - [2026-08-23T12:14:58.936+0000] {dag.py:3036} INFO - Sync 1 DAGs
[2026-08-23T12:14:58.946+0000] {logging_mixin.py:188} INFO - [2026-08-23T12:14:58.946+0000] {dag.py:3823} INFO - Setting next_dagrun for malaysia_offshore_scada_pipeline to 2026-08-23 11:00:00+00:00, run_after=2026-08-23 12:00:00+00:00
[2026-08-23T12:14:58.952+0000] {processor.py:183} INFO - Processing /opt/airflow/dags/offshore_scada_pipeline_dag.py took 0.228 seconds
[2026-08-23T12:15:19.895+0000] {processor.py:161} INFO - Started process (PID=168) to work on /opt/airflow/dags/offshore_scada_pipeline_dag.py
[2026-08-23T12:15:19.897+0000] {processor.py:830} INFO - Processing file /opt/airflow/dags/offshore_scada_pipeline_dag.py for tasks to queue
[2026-08-23T12:15:19.898+0000] {logging_mixin.py:188} INFO - [2026-08-23T12:15:19.898+0000] {dagbag.py:538} INFO - Filling up the DagBag from /opt/airflow/dags/offshore_scada_pipeline_dag.py
[2026-08-23T12:15:19.912+0000] {processor.py:840} INFO - DAG(s) 'malaysia_offshore_scada_pipeline' retrieved from /opt/airflow/dags/offshore_scada_pipeline_dag.py
[2026-08-23T12:15:19.940+0000] {logging_mixin.py:188} INFO - [2026-08-23T12:15:19.939+0000] {dag.py:3036} INFO - Sync 1 DAGs
[2026-08-23T12:15:19.953+0000] {logging_mixin.py:188} INFO - [2026-08-23T12:15:19.953+0000] {dag.py:3823} INFO - Setting next_dagrun for malaysia_offshore_scada_pipeline to 2026-08-23 11:00:00+00:00, run_after=2026-08-23 12:00:00+00:00
[2026-08-23T12:15:19.966+0000] {processor.py:183} INFO - Processing /opt/airflow/dags/offshore_scada_pipeline_dag.py took 0.075 seconds
[2026-08-23T12:15:50.311+0000] {processor.py:161} INFO - Started process (PID=173) to work on /opt/airflow/dags/offshore_scada_pipeline_dag.py
[2026-08-23T12:15:50.312+0000] {processor.py:830} INFO - Processing file /opt/airflow/dags/offshore_scada_pipeline_dag.py for tasks to queue
[2026-08-23T12:15:50.313+0000] {logging_mixin.py:188} INFO - [2026-08-23T12:15:50.313+0000] {dagbag.py:538} INFO - Filling up the DagBag from /opt/airflow/dags/offshore_scada_pipeline_dag.py
[2026-08-23T12:15:50.337+0000] {processor.py:840} INFO - DAG(s) 'malaysia_offshore_scada_pipeline' retrieved from /opt/airflow/dags/offshore_scada_pipeline_dag.py
[2026-08-23T12:15:50.370+0000] {logging_mixin.py:188} INFO - [2026-08-23T12:15:50.370+0000] {dag.py:3036} INFO - Sync 1 DAGs
[2026-08-23T12:15:50.388+0000] {logging_mixin.py:188} INFO - [2026-08-23T12:15:50.388+0000] {dag.py:3823} INFO - Setting next_dagrun for malaysia_offshore_scada_pipeline to 2026-08-23 11:00:00+00:00, run_after=2026-08-23 12:00:00+00:00
[2026-08-23T12:15:50.397+0000] {processor.py:183} INFO - Processing /opt/airflow/dags/offshore_scada_pipeline_dag.py took 0.093 seconds
[2026-08-23T12:16:20.632+0000] {processor.py:161} INFO - Started process (PID=178) to work on /opt/airflow/dags/offshore_scada_pipeline_dag.py
[2026-08-23T12:16:20.633+0000] {processor.py:830} INFO - Processing file /opt/airflow/dags/offshore_scada_pipeline_dag.py for tasks to queue
[2026-08-23T12:16:20.634+0000] {logging_mixin.py:188} INFO - [2026-08-23T12:16:20.633+0000] {dagbag.py:538} INFO - Filling up the DagBag from /opt/airflow/dags/offshore_scada_pipeline_dag.py
[2026-08-23T12:16:20.654+0000] {processor.py:840} INFO - DAG(s) 'malaysia_offshore_scada_pipeline' retrieved from /opt/airflow/dags/offshore_scada_pipeline_dag.py
[2026-08-23T12:16:20.687+0000] {logging_mixin.py:188} INFO - [2026-08-23T12:16:20.687+0000] {dag.py:3036} INFO - Sync 1 DAGs
[2026-08-23T12:16:20.703+0000] {logging_mixin.py:188} INFO - [2026-08-23T12:16:20.703+0000] {dag.py:3823} INFO - Setting next_dagrun for malaysia_offshore_scada_pipeline to 2026-08-23 11:00:00+00:00, run_after=2026-08-23 12:00:00+00:00
[2026-08-23T12:16:20.712+0000] {processor.py:183} INFO - Processing /opt/airflow/dags/offshore_scada_pipeline_dag.py took 0.093 seconds
[2026-08-23T12:16:51.088+0000] {processor.py:161} INFO - Started process (PID=207) to work on /opt/airflow/dags/offshore_scada_pipeline_dag.py
[2026-08-23T12:16:51.089+0000] {processor.py:830} INFO - Processing file /opt/airflow/dags/offshore_scada_pipeline_dag.py for tasks to queue
[2026-08-23T12:16:51.089+0000] {logging_mixin.py:188} INFO - [2026-08-23T12:16:51.089+0000] {dagbag.py:538} INFO - Filling up the DagBag from /opt/airflow/dags/offshore_scada_pipeline_dag.py
[2026-08-23T12:16:51.104+0000] {processor.py:840} INFO - DAG(s) 'malaysia_offshore_scada_pipeline' retrieved from /opt/airflow/dags/offshore_scada_pipeline_dag.py
[2026-08-23T12:16:51.129+0000] {logging_mixin.py:188} INFO - [2026-08-23T12:16:51.129+0000] {dag.py:3036} INFO - Sync 1 DAGs
[2026-08-23T12:16:51.141+0000] {logging_mixin.py:188} INFO - [2026-08-23T12:16:51.141+0000] {dag.py:3823} INFO - Setting next_dagrun for malaysia_offshore_scada_pipeline to 2026-08-23 12:00:00+00:00, run_after=2026-08-23 13:00:00+00:00
[2026-08-23T12:16:51.152+0000] {processor.py:183} INFO - Processing /opt/airflow/dags/offshore_scada_pipeline_dag.py took 0.068 seconds
[2026-08-23T12:17:21.484+0000] {processor.py:161} INFO - Started process (PID=212) to work on /opt/airflow/dags/offshore_scada_pipeline_dag.py
[2026-08-23T12:17:21.486+0000] {processor.py:830} INFO - Processing file /opt/airflow/dags/offshore_scada_pipeline_dag.py for tasks to queue
[2026-08-23T12:17:21.487+0000] {logging_mixin.py:188} INFO - [2026-08-23T12:17:21.486+0000] {dagbag.py:538} INFO - Filling up the DagBag from /opt/airflow/dags/offshore_scada_pipeline_dag.py
[2026-08-23T12:17:21.507+0000] {processor.py:840} INFO - DAG(s) 'malaysia_offshore_scada_pipeline' retrieved from /opt/airflow/dags/offshore_scada_pipeline_dag.py
[2026-08-23T12:17:21.533+0000] {logging_mixin.py:188} INFO - [2026-08-23T12:17:21.533+0000] {dag.py:3036} INFO - Sync 1 DAGs
[2026-08-23T12:17:21.555+0000] {logging_mixin.py:188} INFO - [2026-08-23T12:17:21.555+0000] {dag.py:3823} INFO - Setting next_dagrun for malaysia_offshore_scada_pipeline to 2026-08-23 12:00:00+00:00, run_after=2026-08-23 13:00:00+00:00
[2026-08-23T12:17:21.563+0000] {processor.py:183} INFO - Processing /opt/airflow/dags/offshore_scada_pipeline_dag.py took 0.084 seconds
[2026-08-23T12:17:51.910+0000] {processor.py:161} INFO - Started process (PID=217) to work on /opt/airflow/dags/offshore_scada_pipeline_dag.py
[2026-08-23T12:17:51.911+0000] {processor.py:830} INFO - Processing file /opt/airflow/dags/offshore_scada_pipeline_dag.py for tasks to queue
[2026-08-23T12:17:51.912+0000] {logging_mixin.py:188} INFO - [2026-08-23T12:17:51.912+0000] {dagbag.py:538} INFO - Filling up the DagBag from /opt/airflow/dags/offshore_scada_pipeline_dag.py
[2026-08-23T12:17:51.934+0000] {processor.py:840} INFO - DAG(s) 'malaysia_offshore_scada_pipeline' retrieved from /opt/airflow/dags/offshore_scada_pipeline_dag.py
[2026-08-23T12:17:51.957+0000] {logging_mixin.py:188} INFO - [2026-08-23T12:17:51.957+0000] {dag.py:3036} INFO - Sync 1 DAGs
[2026-08-23T12:17:51.970+0000] {logging_mixin.py:188} INFO - [2026-08-23T12:17:51.970+0000] {dag.py:3823} INFO - Setting next_dagrun for malaysia_offshore_scada_pipeline to 2026-08-23 12:00:00+00:00, run_after=2026-08-23 13:00:00+00:00
[2026-08-23T12:17:51.979+0000] {processor.py:183} INFO - Processing /opt/airflow/dags/offshore_scada_pipeline_dag.py took 0.077 seconds
[2026-08-23T12:18:22.347+0000] {processor.py:161} INFO - Started process (PID=222) to work on /opt/airflow/dags/offshore_scada_pipeline_dag.py
[2026-08-23T12:18:22.348+0000] {processor.py:830} INFO - Processing file /opt/airflow/dags/offshore_scada_pipeline_dag.py for tasks to queue
[2026-08-23T12:18:22.349+0000] {logging_mixin.py:188} INFO - [2026-08-23T12:18:22.349+0000] {dagbag.py:538} INFO - Filling up the DagBag from /opt/airflow/dags/offshore_scada_pipeline_dag.py
[2026-08-23T12:18:22.366+0000] {processor.py:840} INFO - DAG(s) 'malaysia_offshore_scada_pipeline' retrieved from /opt/airflow/dags/offshore_scada_pipeline_dag.py
[2026-08-23T12:18:22.384+0000] {logging_mixin.py:188} INFO - [2026-08-23T12:18:22.384+0000] {dag.py:3036} INFO - Sync 1 DAGs
[2026-08-23T12:18:22.400+0000] {logging_mixin.py:188} INFO - [2026-08-23T12:18:22.399+0000] {dag.py:3823} INFO - Setting next_dagrun for malaysia_offshore_scada_pipeline to 2026-08-23 12:00:00+00:00, run_after=2026-08-23 13:00:00+00:00
[2026-08-23T12:18:22.407+0000] {processor.py:183} INFO - Processing /opt/airflow/dags/offshore_scada_pipeline_dag.py took 0.064 seconds
[2026-08-23T12:18:52.727+0000] {processor.py:161} INFO - Started process (PID=227) to work on /opt/airflow/dags/offshore_scada_pipeline_dag.py
[2026-08-23T12:18:52.728+0000] {processor.py:830} INFO - Processing file /opt/airflow/dags/offshore_scada_pipeline_dag.py for tasks to queue
[2026-08-23T12:18:52.729+0000] {logging_mixin.py:188} INFO - [2026-08-23T12:18:52.729+0000] {dagbag.py:538} INFO - Filling up the DagBag from /opt/airflow/dags/offshore_scada_pipeline_dag.py
[2026-08-23T12:18:52.745+0000] {processor.py:840} INFO - DAG(s) 'malaysia_offshore_scada_pipeline' retrieved from /opt/airflow/dags/offshore_scada_pipeline_dag.py
[2026-08-23T12:18:52.765+0000] {logging_mixin.py:188} INFO - [2026-08-23T12:18:52.765+0000] {dag.py:3036} INFO - Sync 1 DAGs
[2026-08-23T12:18:52.781+0000] {logging_mixin.py:188} INFO - [2026-08-23T12:18:52.781+0000] {dag.py:3823} INFO - Setting next_dagrun for malaysia_offshore_scada_pipeline to 2026-08-23 12:00:00+00:00, run_after=2026-08-23 13:00:00+00:00
[2026-08-23T12:18:52.789+0000] {processor.py:183} INFO - Processing /opt/airflow/dags/offshore_scada_pipeline_dag.py took 0.067 seconds
[2026-08-23T12:19:23.136+0000] {processor.py:161} INFO - Started process (PID=232) to work on /opt/airflow/dags/offshore_scada_pipeline_dag.py
[2026-08-23T12:19:23.140+0000] {processor.py:830} INFO - Processing file /opt/airflow/dags/offshore_scada_pipeline_dag.py for tasks to queue
[2026-08-23T12:19:23.141+0000] {logging_mixin.py:188} INFO - [2026-08-23T12:19:23.140+0000] {dagbag.py:538} INFO - Filling up the DagBag from /opt/airflow/dags/offshore_scada_pipeline_dag.py
[2026-08-23T12:19:23.169+0000] {processor.py:840} INFO - DAG(s) 'malaysia_offshore_scada_pipeline' retrieved from /opt/airflow/dags/offshore_scada_pipeline_dag.py
[2026-08-23T12:19:23.206+0000] {logging_mixin.py:188} INFO - [2026-08-23T12:19:23.206+0000] {dag.py:3036} INFO - Sync 1 DAGs
[2026-08-23T12:19:23.222+0000] {logging_mixin.py:188} INFO - [2026-08-23T12:19:23.222+0000] {dag.py:3823} INFO - Setting next_dagrun for malaysia_offshore_scada_pipeline to 2026-08-23 12:00:00+00:00, run_after=2026-08-23 13:00:00+00:00
[2026-08-23T12:19:23.232+0000] {processor.py:183} INFO - Processing /opt/airflow/dags/offshore_scada_pipeline_dag.py took 0.103 seconds
[2026-08-23T12:19:53.550+0000] {processor.py:161} INFO - Started process (PID=237) to work on /opt/airflow/dags/offshore_scada_pipeline_dag.py
[2026-08-23T12:19:53.551+0000] {processor.py:830} INFO - Processing file /opt/airflow/dags/offshore_scada_pipeline_dag.py for tasks to queue
[2026-08-23T12:19:53.552+0000] {logging_mixin.py:188} INFO - [2026-08-23T12:19:53.552+0000] {dagbag.py:538} INFO - Filling up the DagBag from /opt/airflow/dags/offshore_scada_pipeline_dag.py
[2026-08-23T12:19:53.574+0000] {processor.py:840} INFO - DAG(s) 'malaysia_offshore_scada_pipeline' retrieved from /opt/airflow/dags/offshore_scada_pipeline_dag.py
[2026-08-23T12:19:53.602+0000] {logging_mixin.py:188} INFO - [2026-08-23T12:19:53.602+0000] {dag.py:3036} INFO - Sync 1 DAGs
[2026-08-23T12:19:53.616+0000] {logging_mixin.py:188} INFO - [2026-08-23T12:19:53.615+0000] {dag.py:3823} INFO - Setting next_dagrun for malaysia_offshore_scada_pipeline to 2026-08-23 12:00:00+00:00, run_after=2026-08-23 13:00:00+00:00
[2026-08-23T12:19:53.623+0000] {processor.py:183} INFO - Processing /opt/airflow/dags/offshore_scada_pipeline_dag.py took 0.079 seconds
[2026-08-23T12:20:23.873+0000] {processor.py:161} INFO - Started process (PID=242) to work on /opt/airflow/dags/offshore_scada_pipeline_dag.py
[2026-08-23T12:20:23.874+0000] {processor.py:830} INFO - Processing file /opt/airflow/dags/offshore_scada_pipeline_dag.py for tasks to queue
[2026-08-23T12:20:23.875+0000] {logging_mixin.py:188} INFO - [2026-08-23T12:20:23.874+0000] {dagbag.py:538} INFO - Filling up the DagBag from /opt/airflow/dags/offshore_scada_pipeline_dag.py
[2026-08-23T12:20:23.891+0000] {processor.py:840} INFO - DAG(s) 'malaysia_offshore_scada_pipeline' retrieved from /opt/airflow/dags/offshore_scada_pipeline_dag.py
[2026-08-23T12:20:23.908+0000] {logging_mixin.py:188} INFO - [2026-08-23T12:20:23.908+0000] {dag.py:3036} INFO - Sync 1 DAGs
[2026-08-23T12:20:23.921+0000] {logging_mixin.py:188} INFO - [2026-08-23T12:20:23.921+0000] {dag.py:3823} INFO - Setting next_dagrun for malaysia_offshore_scada_pipeline to 2026-08-23 12:00:00+00:00, run_after=2026-08-23 13:00:00+00:00
[2026-08-23T12:20:23.928+0000] {processor.py:183} INFO - Processing /opt/airflow/dags/offshore_scada_pipeline_dag.py took 0.059 seconds
[2026-08-23T12:20:54.309+0000] {processor.py:161} INFO - Started process (PID=247) to work on /opt/airflow/dags/offshore_scada_pipeline_dag.py
[2026-08-23T12:20:54.310+0000] {processor.py:830} INFO - Processing file /opt/airflow/dags/offshore_scada_pipeline_dag.py for tasks to queue
[2026-08-23T12:20:54.311+0000] {logging_mixin.py:188} INFO - [2026-08-23T12:20:54.311+0000] {dagbag.py:538} INFO - Filling up the DagBag from /opt/airflow/dags/offshore_scada_pipeline_dag.py
[2026-08-23T12:20:54.327+0000] {processor.py:840} INFO - DAG(s) 'malaysia_offshore_scada_pipeline' retrieved from /opt/airflow/dags/offshore_scada_pipeline_dag.py
[2026-08-23T12:20:54.354+0000] {logging_mixin.py:188} INFO - [2026-08-23T12:20:54.354+0000] {dag.py:3036} INFO - Sync 1 DAGs
[2026-08-23T12:20:54.371+0000] {logging_mixin.py:188} INFO - [2026-08-23T12:20:54.371+0000] {dag.py:3823} INFO - Setting next_dagrun for malaysia_offshore_scada_pipeline to 2026-08-23 12:00:00+00:00, run_after=2026-08-23 13:00:00+00:00
[2026-08-23T12:20:54.379+0000] {processor.py:183} INFO - Processing /opt/airflow/dags/offshore_scada_pipeline_dag.py took 0.078 seconds
[2026-08-23T12:21:24.774+0000] {processor.py:161} INFO - Started process (PID=252) to work on /opt/airflow/dags/offshore_scada_pipeline_dag.py
[2026-08-23T12:21:24.775+0000] {processor.py:830} INFO - Processing file /opt/airflow/dags/offshore_scada_pipeline_dag.py for tasks to queue
[2026-08-23T12:21:24.775+0000] {logging_mixin.py:188} INFO - [2026-08-23T12:21:24.775+0000] {dagbag.py:538} INFO - Filling up the DagBag from /opt/airflow/dags/offshore_scada_pipeline_dag.py
[2026-08-23T12:21:24.796+0000] {processor.py:840} INFO - DAG(s) 'malaysia_offshore_scada_pipeline' retrieved from /opt/airflow/dags/offshore_scada_pipeline_dag.py
[2026-08-23T12:21:24.824+0000] {logging_mixin.py:188} INFO - [2026-08-23T12:21:24.824+0000] {dag.py:3036} INFO - Sync 1 DAGs
[2026-08-23T12:21:24.839+0000] {logging_mixin.py:188} INFO - [2026-08-23T12:21:24.839+0000] {dag.py:3823} INFO - Setting next_dagrun for malaysia_offshore_scada_pipeline to 2026-08-23 12:00:00+00:00, run_after=2026-08-23 13:00:00+00:00
[2026-08-23T12:21:24.848+0000] {processor.py:183} INFO - Processing /opt/airflow/dags/offshore_scada_pipeline_dag.py took 0.080 seconds
[2026-08-23T12:21:55.182+0000] {processor.py:161} INFO - Started process (PID=257) to work on /opt/airflow/dags/offshore_scada_pipeline_dag.py
[2026-08-23T12:21:55.184+0000] {processor.py:830} INFO - Processing file /opt/airflow/dags/offshore_scada_pipeline_dag.py for tasks to queue
[2026-08-23T12:21:55.186+0000] {logging_mixin.py:188} INFO - [2026-08-23T12:21:55.185+0000] {dagbag.py:538} INFO - Filling up the DagBag from /opt/airflow/dags/offshore_scada_pipeline_dag.py
[2026-08-23T12:21:55.209+0000] {processor.py:840} INFO - DAG(s) 'malaysia_offshore_scada_pipeline' retrieved from /opt/airflow/dags/offshore_scada_pipeline_dag.py
[2026-08-23T12:21:55.234+0000] {logging_mixin.py:188} INFO - [2026-08-23T12:21:55.234+0000] {dag.py:3036} INFO - Sync 1 DAGs
[2026-08-23T12:21:55.248+0000] {logging_mixin.py:188} INFO - [2026-08-23T12:21:55.248+0000] {dag.py:3823} INFO - Setting next_dagrun for malaysia_offshore_scada_pipeline to 2026-08-23 12:00:00+00:00, run_after=2026-08-23 13:00:00+00:00
[2026-08-23T12:21:55.259+0000] {processor.py:183} INFO - Processing /opt/airflow/dags/offshore_scada_pipeline_dag.py took 0.080 seconds
[2026-08-23T12:22:25.638+0000] {processor.py:161} INFO - Started process (PID=262) to work on /opt/airflow/dags/offshore_scada_pipeline_dag.py
[2026-08-23T12:22:25.639+0000] {processor.py:830} INFO - Processing file /opt/airflow/dags/offshore_scada_pipeline_dag.py for tasks to queue
[2026-08-23T12:22:25.641+0000] {logging_mixin.py:188} INFO - [2026-08-23T12:22:25.640+0000] {dagbag.py:538} INFO - Filling up the DagBag from /opt/airflow/dags/offshore_scada_pipeline_dag.py
[2026-08-23T12:22:25.662+0000] {processor.py:840} INFO - DAG(s) 'malaysia_offshore_scada_pipeline' retrieved from /opt/airflow/dags/offshore_scada_pipeline_dag.py
[2026-08-23T12:22:25.693+0000] {logging_mixin.py:188} INFO - [2026-08-23T12:22:25.693+0000] {dag.py:3036} INFO - Sync 1 DAGs
[2026-08-23T12:22:25.709+0000] {logging_mixin.py:188} INFO - [2026-08-23T12:22:25.709+0000] {dag.py:3823} INFO - Setting next_dagrun for malaysia_offshore_scada_pipeline to 2026-08-23 12:00:00+00:00, run_after=2026-08-23 13:00:00+00:00
[2026-08-23T12:22:25.716+0000] {processor.py:183} INFO - Processing /opt/airflow/dags/offshore_scada_pipeline_dag.py took 0.087 seconds
[2026-08-23T12:22:56.080+0000] {processor.py:161} INFO - Started process (PID=267) to work on /opt/airflow/dags/offshore_scada_pipeline_dag.py
[2026-08-23T12:22:56.082+0000] {processor.py:830} INFO - Processing file /opt/airflow/dags/offshore_scada_pipeline_dag.py for tasks to queue
[2026-08-23T12:22:56.083+0000] {logging_mixin.py:188} INFO - [2026-08-23T12:22:56.082+0000] {dagbag.py:538} INFO - Filling up the DagBag from /opt/airflow/dags/offshore_scada_pipeline_dag.py
[2026-08-23T12:22:56.103+0000] {processor.py:840} INFO - DAG(s) 'malaysia_offshore_scada_pipeline' retrieved from /opt/airflow/dags/offshore_scada_pipeline_dag.py
[2026-08-23T12:22:56.132+0000] {logging_mixin.py:188} INFO - [2026-08-23T12:22:56.132+0000] {dag.py:3036} INFO - Sync 1 DAGs
[2026-08-23T12:22:56.147+0000] {logging_mixin.py:188} INFO - [2026-08-23T12:22:56.147+0000] {dag.py:3823} INFO - Setting next_dagrun for malaysia_offshore_scada_pipeline to 2026-08-23 12:00:00+00:00, run_after=2026-08-23 13:00:00+00:00
[2026-08-23T12:22:56.156+0000] {processor.py:183} INFO - Processing /opt/airflow/dags/offshore_scada_pipeline_dag.py took 0.080 seconds
[2026-08-23T12:23:26.551+0000] {processor.py:161} INFO - Started process (PID=272) to work on /opt/airflow/dags/offshore_scada_pipeline_dag.py
[2026-08-23T12:23:26.552+0000] {processor.py:830} INFO - Processing file /opt/airflow/dags/offshore_scada_pipeline_dag.py for tasks to queue
[2026-08-23T12:23:26.556+0000] {logging_mixin.py:188} INFO - [2026-08-23T12:23:26.553+0000] {dagbag.py:538} INFO - Filling up the DagBag from /opt/airflow/dags/offshore_scada_pipeline_dag.py
[2026-08-23T12:23:26.593+0000] {processor.py:840} INFO - DAG(s) 'malaysia_offshore_scada_pipeline' retrieved from /opt/airflow/dags/offshore_scada_pipeline_dag.py
[2026-08-23T12:23:26.630+0000] {logging_mixin.py:188} INFO - [2026-08-23T12:23:26.630+0000] {dag.py:3036} INFO - Sync 1 DAGs
[2026-08-23T12:23:26.646+0000] {logging_mixin.py:188} INFO - [2026-08-23T12:23:26.646+0000] {dag.py:3823} INFO - Setting next_dagrun for malaysia_offshore_scada_pipeline to 2026-08-23 12:00:00+00:00, run_after=2026-08-23 13:00:00+00:00
[2026-08-23T12:23:26.657+0000] {processor.py:183} INFO - Processing /opt/airflow/dags/offshore_scada_pipeline_dag.py took 0.133 seconds
[2026-08-23T12:23:56.880+0000] {processor.py:161} INFO - Started process (PID=277) to work on /opt/airflow/dags/offshore_scada_pipeline_dag.py
[2026-08-23T12:23:56.881+0000] {processor.py:830} INFO - Processing file /opt/airflow/dags/offshore_scada_pipeline_dag.py for tasks to queue
[2026-08-23T12:23:56.882+0000] {logging_mixin.py:188} INFO - [2026-08-23T12:23:56.882+0000] {dagbag.py:538} INFO - Filling up the DagBag from /opt/airflow/dags/offshore_scada_pipeline_dag.py
[2026-08-23T12:23:56.908+0000] {processor.py:840} INFO - DAG(s) 'malaysia_offshore_scada_pipeline' retrieved from /opt/airflow/dags/offshore_scada_pipeline_dag.py
[2026-08-23T12:23:56.947+0000] {logging_mixin.py:188} INFO - [2026-08-23T12:23:56.947+0000] {dag.py:3036} INFO - Sync 1 DAGs
[2026-08-23T12:23:56.963+0000] {logging_mixin.py:188} INFO - [2026-08-23T12:23:56.963+0000] {dag.py:3823} INFO - Setting next_dagrun for malaysia_offshore_scada_pipeline to 2026-08-23 12:00:00+00:00, run_after=2026-08-23 13:00:00+00:00
[2026-08-23T12:23:56.974+0000] {processor.py:183} INFO - Processing /opt/airflow/dags/offshore_scada_pipeline_dag.py took 0.099 seconds
[2026-08-23T12:24:27.330+0000] {processor.py:161} INFO - Started process (PID=282) to work on /opt/airflow/dags/offshore_scada_pipeline_dag.py
[2026-08-23T12:24:27.331+0000] {processor.py:830} INFO - Processing file /opt/airflow/dags/offshore_scada_pipeline_dag.py for tasks to queue
[2026-08-23T12:24:27.332+0000] {logging_mixin.py:188} INFO - [2026-08-23T12:24:27.331+0000] {dagbag.py:538} INFO - Filling up the DagBag from /opt/airflow/dags/offshore_scada_pipeline_dag.py
[2026-08-23T12:24:27.347+0000] {processor.py:840} INFO - DAG(s) 'malaysia_offshore_scada_pipeline' retrieved from /opt/airflow/dags/offshore_scada_pipeline_dag.py
[2026-08-23T12:24:27.371+0000] {logging_mixin.py:188} INFO - [2026-08-23T12:24:27.370+0000] {dag.py:3036} INFO - Sync 1 DAGs
[2026-08-23T12:24:27.386+0000] {logging_mixin.py:188} INFO - [2026-08-23T12:24:27.386+0000] {dag.py:3823} INFO - Setting next_dagrun for malaysia_offshore_scada_pipeline to 2026-08-23 12:00:00+00:00, run_after=2026-08-23 13:00:00+00:00
[2026-08-23T12:24:27.394+0000] {processor.py:183} INFO - Processing /opt/airflow/dags/offshore_scada_pipeline_dag.py took 0.068 seconds
[2026-08-23T12:24:57.762+0000] {processor.py:161} INFO - Started process (PID=287) to work on /opt/airflow/dags/offshore_scada_pipeline_dag.py
[2026-08-23T12:24:57.763+0000] {processor.py:830} INFO - Processing file /opt/airflow/dags/offshore_scada_pipeline_dag.py for tasks to queue
[2026-08-23T12:24:57.763+0000] {logging_mixin.py:188} INFO - [2026-08-23T12:24:57.763+0000] {dagbag.py:538} INFO - Filling up the DagBag from /opt/airflow/dags/offshore_scada_pipeline_dag.py
[2026-08-23T12:24:57.779+0000] {processor.py:840} INFO - DAG(s) 'malaysia_offshore_scada_pipeline' retrieved from /opt/airflow/dags/offshore_scada_pipeline_dag.py
[2026-08-23T12:24:57.805+0000] {logging_mixin.py:188} INFO - [2026-08-23T12:24:57.805+0000] {dag.py:3036} INFO - Sync 1 DAGs
[2026-08-23T12:24:57.818+0000] {logging_mixin.py:188} INFO - [2026-08-23T12:24:57.818+0000] {dag.py:3823} INFO - Setting next_dagrun for malaysia_offshore_scada_pipeline to 2026-08-23 12:00:00+00:00, run_after=2026-08-23 13:00:00+00:00
[2026-08-23T12:24:57.825+0000] {processor.py:183} INFO - Processing /opt/airflow/dags/offshore_scada_pipeline_dag.py took 0.067 seconds
[2026-08-23T12:25:28.194+0000] {processor.py:161} INFO - Started process (PID=292) to work on /opt/airflow/dags/offshore_scada_pipeline_dag.py
[2026-08-23T12:25:28.195+0000] {processor.py:830} INFO - Processing file /opt/airflow/dags/offshore_scada_pipeline_dag.py for tasks to queue
[2026-08-23T12:25:28.196+0000] {logging_mixin.py:188} INFO - [2026-08-23T12:25:28.196+0000] {dagbag.py:538} INFO - Filling up the DagBag from /opt/airflow/dags/offshore_scada_pipeline_dag.py
[2026-08-23T12:25:28.223+0000] {processor.py:840} INFO - DAG(s) 'malaysia_offshore_scada_pipeline' retrieved from /opt/airflow/dags/offshore_scada_pipeline_dag.py
[2026-08-23T12:25:28.244+0000] {logging_mixin.py:188} INFO - [2026-08-23T12:25:28.244+0000] {dag.py:3036} INFO - Sync 1 DAGs
[2026-08-23T12:25:28.260+0000] {logging_mixin.py:188} INFO - [2026-08-23T12:25:28.259+0000] {dag.py:3823} INFO - Setting next_dagrun for malaysia_offshore_scada_pipeline to 2026-08-23 12:00:00+00:00, run_after=2026-08-23 13:00:00+00:00
[2026-08-23T12:25:28.267+0000] {processor.py:183} INFO - Processing /opt/airflow/dags/offshore_scada_pipeline_dag.py took 0.080 seconds
[2026-08-23T12:25:58.567+0000] {processor.py:161} INFO - Started process (PID=297) to work on /opt/airflow/dags/offshore_scada_pipeline_dag.py
[2026-08-23T12:25:58.568+0000] {processor.py:830} INFO - Processing file /opt/airflow/dags/offshore_scada_pipeline_dag.py for tasks to queue
[2026-08-23T12:25:58.569+0000] {logging_mixin.py:188} INFO - [2026-08-23T12:25:58.568+0000] {dagbag.py:538} INFO - Filling up the DagBag from /opt/airflow/dags/offshore_scada_pipeline_dag.py
[2026-08-23T12:25:58.585+0000] {processor.py:840} INFO - DAG(s) 'malaysia_offshore_scada_pipeline' retrieved from /opt/airflow/dags/offshore_scada_pipeline_dag.py
[2026-08-23T12:25:58.611+0000] {logging_mixin.py:188} INFO - [2026-08-23T12:25:58.611+0000] {dag.py:3036} INFO - Sync 1 DAGs
[2026-08-23T12:25:58.625+0000] {logging_mixin.py:188} INFO - [2026-08-23T12:25:58.625+0000] {dag.py:3823} INFO - Setting next_dagrun for malaysia_offshore_scada_pipeline to 2026-08-23 12:00:00+00:00, run_after=2026-08-23 13:00:00+00:00
[2026-08-23T12:25:58.632+0000] {processor.py:183} INFO - Processing /opt/airflow/dags/offshore_scada_pipeline_dag.py took 0.072 seconds
[2026-08-23T12:26:28.909+0000] {processor.py:161} INFO - Started process (PID=302) to work on /opt/airflow/dags/offshore_scada_pipeline_dag.py
[2026-08-23T12:26:28.909+0000] {processor.py:830} INFO - Processing file /opt/airflow/dags/offshore_scada_pipeline_dag.py for tasks to queue
[2026-08-23T12:26:28.911+0000] {logging_mixin.py:188} INFO - [2026-08-23T12:26:28.910+0000] {dagbag.py:538} INFO - Filling up the DagBag from /opt/airflow/dags/offshore_scada_pipeline_dag.py
[2026-08-23T12:26:28.935+0000] {processor.py:840} INFO - DAG(s) 'malaysia_offshore_scada_pipeline' retrieved from /opt/airflow/dags/offshore_scada_pipeline_dag.py
[2026-08-23T12:26:28.957+0000] {logging_mixin.py:188} INFO - [2026-08-23T12:26:28.957+0000] {dag.py:3036} INFO - Sync 1 DAGs
[2026-08-23T12:26:28.975+0000] {logging_mixin.py:188} INFO - [2026-08-23T12:26:28.975+0000] {dag.py:3823} INFO - Setting next_dagrun for malaysia_offshore_scada_pipeline to 2026-08-23 12:00:00+00:00, run_after=2026-08-23 13:00:00+00:00
[2026-08-23T12:26:28.983+0000] {processor.py:183} INFO - Processing /opt/airflow/dags/offshore_scada_pipeline_dag.py took 0.078 seconds
[2026-08-23T12:26:59.265+0000] {processor.py:161} INFO - Started process (PID=307) to work on /opt/airflow/dags/offshore_scada_pipeline_dag.py
[2026-08-23T12:26:59.266+0000] {processor.py:830} INFO - Processing file /opt/airflow/dags/offshore_scada_pipeline_dag.py for tasks to queue
[2026-08-23T12:26:59.267+0000] {logging_mixin.py:188} INFO - [2026-08-23T12:26:59.266+0000] {dagbag.py:538} INFO - Filling up the DagBag from /opt/airflow/dags/offshore_scada_pipeline_dag.py
[2026-08-23T12:26:59.292+0000] {processor.py:840} INFO - DAG(s) 'malaysia_offshore_scada_pipeline' retrieved from /opt/airflow/dags/offshore_scada_pipeline_dag.py
[2026-08-23T12:26:59.320+0000] {logging_mixin.py:188} INFO - [2026-08-23T12:26:59.320+0000] {dag.py:3036} INFO - Sync 1 DAGs
[2026-08-23T12:26:59.334+0000] {logging_mixin.py:188} INFO - [2026-08-23T12:26:59.334+0000] {dag.py:3823} INFO - Setting next_dagrun for malaysia_offshore_scada_pipeline to 2026-08-23 12:00:00+00:00, run_after=2026-08-23 13:00:00+00:00
[2026-08-23T12:26:59.342+0000] {processor.py:183} INFO - Processing /opt/airflow/dags/offshore_scada_pipeline_dag.py took 0.083 seconds
[2026-08-23T12:27:29.665+0000] {processor.py:161} INFO - Started process (PID=312) to work on /opt/airflow/dags/offshore_scada_pipeline_dag.py
[2026-08-23T12:27:29.666+0000] {processor.py:830} INFO - Processing file /opt/airflow/dags/offshore_scada_pipeline_dag.py for tasks to queue
[2026-08-23T12:27:29.667+0000] {logging_mixin.py:188} INFO - [2026-08-23T12:27:29.666+0000] {dagbag.py:538} INFO - Filling up the DagBag from /opt/airflow/dags/offshore_scada_pipeline_dag.py
[2026-08-23T12:27:29.685+0000] {processor.py:840} INFO - DAG(s) 'malaysia_offshore_scada_pipeline' retrieved from /opt/airflow/dags/offshore_scada_pipeline_dag.py
[2026-08-23T12:27:29.715+0000] {logging_mixin.py:188} INFO - [2026-08-23T12:27:29.715+0000] {dag.py:3036} INFO - Sync 1 DAGs
[2026-08-23T12:27:29.731+0000] {logging_mixin.py:188} INFO - [2026-08-23T12:27:29.731+0000] {dag.py:3823} INFO - Setting next_dagrun for malaysia_offshore_scada_pipeline to 2026-08-23 12:00:00+00:00, run_after=2026-08-23 13:00:00+00:00
[2026-08-23T12:27:29.742+0000] {processor.py:183} INFO - Processing /opt/airflow/dags/offshore_scada_pipeline_dag.py took 0.081 seconds
[2026-08-23T12:28:00.030+0000] {processor.py:161} INFO - Started process (PID=317) to work on /opt/airflow/dags/offshore_scada_pipeline_dag.py
[2026-08-23T12:28:00.031+0000] {processor.py:830} INFO - Processing file /opt/airflow/dags/offshore_scada_pipeline_dag.py for tasks to queue
[2026-08-23T12:28:00.032+0000] {logging_mixin.py:188} INFO - [2026-08-23T12:28:00.032+0000] {dagbag.py:538} INFO - Filling up the DagBag from /opt/airflow/dags/offshore_scada_pipeline_dag.py
[2026-08-23T12:28:00.051+0000] {processor.py:840} INFO - DAG(s) 'malaysia_offshore_scada_pipeline' retrieved from /opt/airflow/dags/offshore_scada_pipeline_dag.py
[2026-08-23T12:28:00.073+0000] {logging_mixin.py:188} INFO - [2026-08-23T12:28:00.073+0000] {dag.py:3036} INFO - Sync 1 DAGs
[2026-08-23T12:28:00.088+0000] {logging_mixin.py:188} INFO - [2026-08-23T12:28:00.088+0000] {dag.py:3823} INFO - Setting next_dagrun for malaysia_offshore_scada_pipeline to 2026-08-23 12:00:00+00:00, run_after=2026-08-23 13:00:00+00:00
[2026-08-23T12:28:00.096+0000] {processor.py:183} INFO - Processing /opt/airflow/dags/offshore_scada_pipeline_dag.py took 0.072 seconds
[2026-08-23T12:28:30.417+0000] {processor.py:161} INFO - Started process (PID=322) to work on /opt/airflow/dags/offshore_scada_pipeline_dag.py
[2026-08-23T12:28:30.418+0000] {processor.py:830} INFO - Processing file /opt/airflow/dags/offshore_scada_pipeline_dag.py for tasks to queue
[2026-08-23T12:28:30.419+0000] {logging_mixin.py:188} INFO - [2026-08-23T12:28:30.419+0000] {dagbag.py:538} INFO - Filling up the DagBag from /opt/airflow/dags/offshore_scada_pipeline_dag.py
[2026-08-23T12:28:30.442+0000] {processor.py:840} INFO - DAG(s) 'malaysia_offshore_scada_pipeline' retrieved from /opt/airflow/dags/offshore_scada_pipeline_dag.py
[2026-08-23T12:28:30.464+0000] {logging_mixin.py:188} INFO - [2026-08-23T12:28:30.464+0000] {dag.py:3036} INFO - Sync 1 DAGs
[2026-08-23T12:28:30.480+0000] {logging_mixin.py:188} INFO - [2026-08-23T12:28:30.480+0000] {dag.py:3823} INFO - Setting next_dagrun for malaysia_offshore_scada_pipeline to 2026-08-23 12:00:00+00:00, run_after=2026-08-23 13:00:00+00:00
[2026-08-23T12:28:30.488+0000] {processor.py:183} INFO - Processing /opt/airflow/dags/offshore_scada_pipeline_dag.py took 0.079 seconds
[2026-08-23T12:29:00.800+0000] {processor.py:161} INFO - Started process (PID=327) to work on /opt/airflow/dags/offshore_scada_pipeline_dag.py
[2026-08-23T12:29:00.801+0000] {processor.py:830} INFO - Processing file /opt/airflow/dags/offshore_scada_pipeline_dag.py for tasks to queue
[2026-08-23T12:29:00.802+0000] {logging_mixin.py:188} INFO - [2026-08-23T12:29:00.801+0000] {dagbag.py:538} INFO - Filling up the DagBag from /opt/airflow/dags/offshore_scada_pipeline_dag.py
[2026-08-23T12:29:00.818+0000] {processor.py:840} INFO - DAG(s) 'malaysia_offshore_scada_pipeline' retrieved from /opt/airflow/dags/offshore_scada_pipeline_dag.py
[2026-08-23T12:29:00.844+0000] {logging_mixin.py:188} INFO - [2026-08-23T12:29:00.844+0000] {dag.py:3036} INFO - Sync 1 DAGs
[2026-08-23T12:29:00.857+0000] {logging_mixin.py:188} INFO - [2026-08-23T12:29:00.857+0000] {dag.py:3823} INFO - Setting next_dagrun for malaysia_offshore_scada_pipeline to 2026-08-23 12:00:00+00:00, run_after=2026-08-23 13:00:00+00:00
[2026-08-23T12:29:00.866+0000] {processor.py:183} INFO - Processing /opt/airflow/dags/offshore_scada_pipeline_dag.py took 0.069 seconds
[2026-08-23T12:29:31.188+0000] {processor.py:161} INFO - Started process (PID=332) to work on /opt/airflow/dags/offshore_scada_pipeline_dag.py
[2026-08-23T12:29:31.190+0000] {processor.py:830} INFO - Processing file /opt/airflow/dags/offshore_scada_pipeline_dag.py for tasks to queue
[2026-08-23T12:29:31.193+0000] {logging_mixin.py:188} INFO - [2026-08-23T12:29:31.191+0000] {dagbag.py:538} INFO - Filling up the DagBag from /opt/airflow/dags/offshore_scada_pipeline_dag.py
[2026-08-23T12:29:31.209+0000] {processor.py:840} INFO - DAG(s) 'malaysia_offshore_scada_pipeline' retrieved from /opt/airflow/dags/offshore_scada_pipeline_dag.py
[2026-08-23T12:29:31.232+0000] {logging_mixin.py:188} INFO - [2026-08-23T12:29:31.231+0000] {dag.py:3036} INFO - Sync 1 DAGs
[2026-08-23T12:29:31.247+0000] {logging_mixin.py:188} INFO - [2026-08-23T12:29:31.247+0000] {dag.py:3823} INFO - Setting next_dagrun for malaysia_offshore_scada_pipeline to 2026-08-23 12:00:00+00:00, run_after=2026-08-23 13:00:00+00:00
[2026-08-23T12:29:31.258+0000] {processor.py:183} INFO - Processing /opt/airflow/dags/offshore_scada_pipeline_dag.py took 0.076 seconds
[2026-08-23T12:30:01.554+0000] {processor.py:161} INFO - Started process (PID=337) to work on /opt/airflow/dags/offshore_scada_pipeline_dag.py
[2026-08-23T12:30:01.556+0000] {processor.py:830} INFO - Processing file /opt/airflow/dags/offshore_scada_pipeline_dag.py for tasks to queue
[2026-08-23T12:30:01.557+0000] {logging_mixin.py:188} INFO - [2026-08-23T12:30:01.556+0000] {dagbag.py:538} INFO - Filling up the DagBag from /opt/airflow/dags/offshore_scada_pipeline_dag.py
[2026-08-23T12:30:01.575+0000] {processor.py:840} INFO - DAG(s) 'malaysia_offshore_scada_pipeline' retrieved from /opt/airflow/dags/offshore_scada_pipeline_dag.py
[2026-08-23T12:30:01.605+0000] {logging_mixin.py:188} INFO - [2026-08-23T12:30:01.605+0000] {dag.py:3036} INFO - Sync 1 DAGs
[2026-08-23T12:30:01.619+0000] {logging_mixin.py:188} INFO - [2026-08-23T12:30:01.619+0000] {dag.py:3823} INFO - Setting next_dagrun for malaysia_offshore_scada_pipeline to 2026-08-23 12:00:00+00:00, run_after=2026-08-23 13:00:00+00:00
[2026-08-23T12:30:01.634+0000] {processor.py:183} INFO - Processing /opt/airflow/dags/offshore_scada_pipeline_dag.py took 0.085 seconds
[2026-08-23T12:30:31.999+0000] {processor.py:161} INFO - Started process (PID=342) to work on /opt/airflow/dags/offshore_scada_pipeline_dag.py
[2026-08-23T12:30:32.001+0000] {processor.py:830} INFO - Processing file /opt/airflow/dags/offshore_scada_pipeline_dag.py for tasks to queue
[2026-08-23T12:30:32.002+0000] {logging_mixin.py:188} INFO - [2026-08-23T12:30:32.001+0000] {dagbag.py:538} INFO - Filling up the DagBag from /opt/airflow/dags/offshore_scada_pipeline_dag.py
[2026-08-23T12:30:32.018+0000] {processor.py:840} INFO - DAG(s) 'malaysia_offshore_scada_pipeline' retrieved from /opt/airflow/dags/offshore_scada_pipeline_dag.py
[2026-08-23T12:30:32.038+0000] {logging_mixin.py:188} INFO - [2026-08-23T12:30:32.038+0000] {dag.py:3036} INFO - Sync 1 DAGs
[2026-08-23T12:30:32.052+0000] {logging_mixin.py:188} INFO - [2026-08-23T12:30:32.052+0000] {dag.py:3823} INFO - Setting next_dagrun for malaysia_offshore_scada_pipeline to 2026-08-23 12:00:00+00:00, run_after=2026-08-23 13:00:00+00:00
[2026-08-23T12:30:32.059+0000] {processor.py:183} INFO - Processing /opt/airflow/dags/offshore_scada_pipeline_dag.py took 0.071 seconds
[2026-08-23T12:31:02.423+0000] {processor.py:161} INFO - Started process (PID=347) to work on /opt/airflow/dags/offshore_scada_pipeline_dag.py
[2026-08-23T12:31:02.424+0000] {processor.py:830} INFO - Processing file /opt/airflow/dags/offshore_scada_pipeline_dag.py for tasks to queue
[2026-08-23T12:31:02.425+0000] {logging_mixin.py:188} INFO - [2026-08-23T12:31:02.424+0000] {dagbag.py:538} INFO - Filling up the DagBag from /opt/airflow/dags/offshore_scada_pipeline_dag.py
[2026-08-23T12:31:02.444+0000] {processor.py:840} INFO - DAG(s) 'malaysia_offshore_scada_pipeline' retrieved from /opt/airflow/dags/offshore_scada_pipeline_dag.py
[2026-08-23T12:31:02.480+0000] {logging_mixin.py:188} INFO - [2026-08-23T12:31:02.479+0000] {dag.py:3036} INFO - Sync 1 DAGs
[2026-08-23T12:31:02.494+0000] {logging_mixin.py:188} INFO - [2026-08-23T12:31:02.494+0000] {dag.py:3823} INFO - Setting next_dagrun for malaysia_offshore_scada_pipeline to 2026-08-23 12:00:00+00:00, run_after=2026-08-23 13:00:00+00:00
[2026-08-23T12:31:02.502+0000] {processor.py:183} INFO - Processing /opt/airflow/dags/offshore_scada_pipeline_dag.py took 0.088 seconds
[2026-08-23T12:31:32.929+0000] {processor.py:161} INFO - Started process (PID=352) to work on /opt/airflow/dags/offshore_scada_pipeline_dag.py
[2026-08-23T12:31:32.930+0000] {processor.py:830} INFO - Processing file /opt/airflow/dags/offshore_scada_pipeline_dag.py for tasks to queue
[2026-08-23T12:31:32.931+0000] {logging_mixin.py:188} INFO - [2026-08-23T12:31:32.931+0000] {dagbag.py:538} INFO - Filling up the DagBag from /opt/airflow/dags/offshore_scada_pipeline_dag.py
[2026-08-23T12:31:32.950+0000] {processor.py:840} INFO - DAG(s) 'malaysia_offshore_scada_pipeline' retrieved from /opt/airflow/dags/offshore_scada_pipeline_dag.py
[2026-08-23T12:31:32.978+0000] {logging_mixin.py:188} INFO - [2026-08-23T12:31:32.978+0000] {dag.py:3036} INFO - Sync 1 DAGs
[2026-08-23T12:31:32.993+0000] {logging_mixin.py:188} INFO - [2026-08-23T12:31:32.993+0000] {dag.py:3823} INFO - Setting next_dagrun for malaysia_offshore_scada_pipeline to 2026-08-23 12:00:00+00:00, run_after=2026-08-23 13:00:00+00:00
[2026-08-23T12:31:33.003+0000] {processor.py:183} INFO - Processing /opt/airflow/dags/offshore_scada_pipeline_dag.py took 0.081 seconds
[2026-08-23T12:32:03.321+0000] {processor.py:161} INFO - Started process (PID=357) to work on /opt/airflow/dags/offshore_scada_pipeline_dag.py
[2026-08-23T12:32:03.322+0000] {processor.py:830} INFO - Processing file /opt/airflow/dags/offshore_scada_pipeline_dag.py for tasks to queue
[2026-08-23T12:32:03.323+0000] {logging_mixin.py:188} INFO - [2026-08-23T12:32:03.322+0000] {dagbag.py:538} INFO - Filling up the DagBag from /opt/airflow/dags/offshore_scada_pipeline_dag.py
[2026-08-23T12:32:03.344+0000] {processor.py:840} INFO - DAG(s) 'malaysia_offshore_scada_pipeline' retrieved from /opt/airflow/dags/offshore_scada_pipeline_dag.py
[2026-08-23T12:32:03.382+0000] {logging_mixin.py:188} INFO - [2026-08-23T12:32:03.382+0000] {dag.py:3036} INFO - Sync 1 DAGs
[2026-08-23T12:32:03.399+0000] {logging_mixin.py:188} INFO - [2026-08-23T12:32:03.399+0000] {dag.py:3823} INFO - Setting next_dagrun for malaysia_offshore_scada_pipeline to 2026-08-23 12:00:00+00:00, run_after=2026-08-23 13:00:00+00:00
[2026-08-23T12:32:03.406+0000] {processor.py:183} INFO - Processing /opt/airflow/dags/offshore_scada_pipeline_dag.py took 0.095 seconds
[2026-08-23T12:32:33.701+0000] {processor.py:161} INFO - Started process (PID=362) to work on /opt/airflow/dags/offshore_scada_pipeline_dag.py
[2026-08-23T12:32:33.702+0000] {processor.py:830} INFO - Processing file /opt/airflow/dags/offshore_scada_pipeline_dag.py for tasks to queue
[2026-08-23T12:32:33.703+0000] {logging_mixin.py:188} INFO - [2026-08-23T12:32:33.702+0000] {dagbag.py:538} INFO - Filling up the DagBag from /opt/airflow/dags/offshore_scada_pipeline_dag.py
[2026-08-23T12:32:33.725+0000] {processor.py:840} INFO - DAG(s) 'malaysia_offshore_scada_pipeline' retrieved from /opt/airflow/dags/offshore_scada_pipeline_dag.py
[2026-08-23T12:32:33.754+0000] {logging_mixin.py:188} INFO - [2026-08-23T12:32:33.754+0000] {dag.py:3036} INFO - Sync 1 DAGs
[2026-08-23T12:32:33.770+0000] {logging_mixin.py:188} INFO - [2026-08-23T12:32:33.770+0000] {dag.py:3823} INFO - Setting next_dagrun for malaysia_offshore_scada_pipeline to 2026-08-23 12:00:00+00:00, run_after=2026-08-23 13:00:00+00:00
[2026-08-23T12:32:33.778+0000] {processor.py:183} INFO - Processing /opt/airflow/dags/offshore_scada_pipeline_dag.py took 0.083 seconds
[2026-08-23T12:33:04.156+0000] {processor.py:161} INFO - Started process (PID=367) to work on /opt/airflow/dags/offshore_scada_pipeline_dag.py
[2026-08-23T12:33:04.159+0000] {processor.py:830} INFO - Processing file /opt/airflow/dags/offshore_scada_pipeline_dag.py for tasks to queue
[2026-08-23T12:33:04.160+0000] {logging_mixin.py:188} INFO - [2026-08-23T12:33:04.160+0000] {dagbag.py:538} INFO - Filling up the DagBag from /opt/airflow/dags/offshore_scada_pipeline_dag.py
[2026-08-23T12:33:04.182+0000] {processor.py:840} INFO - DAG(s) 'malaysia_offshore_scada_pipeline' retrieved from /opt/airflow/dags/offshore_scada_pipeline_dag.py
[2026-08-23T12:33:04.222+0000] {logging_mixin.py:188} INFO - [2026-08-23T12:33:04.222+0000] {dag.py:3036} INFO - Sync 1 DAGs
[2026-08-23T12:33:04.239+0000] {logging_mixin.py:188} INFO - [2026-08-23T12:33:04.239+0000] {dag.py:3823} INFO - Setting next_dagrun for malaysia_offshore_scada_pipeline to 2026-08-23 12:00:00+00:00, run_after=2026-08-23 13:00:00+00:00
[2026-08-23T12:33:04.247+0000] {processor.py:183} INFO - Processing /opt/airflow/dags/offshore_scada_pipeline_dag.py took 0.096 seconds
[2026-08-23T12:33:34.663+0000] {processor.py:161} INFO - Started process (PID=372) to work on /opt/airflow/dags/offshore_scada_pipeline_dag.py
[2026-08-23T12:33:34.664+0000] {processor.py:830} INFO - Processing file /opt/airflow/dags/offshore_scada_pipeline_dag.py for tasks to queue
[2026-08-23T12:33:34.665+0000] {logging_mixin.py:188} INFO - [2026-08-23T12:33:34.664+0000] {dagbag.py:538} INFO - Filling up the DagBag from /opt/airflow/dags/offshore_scada_pipeline_dag.py
[2026-08-23T12:33:34.684+0000] {processor.py:840} INFO - DAG(s) 'malaysia_offshore_scada_pipeline' retrieved from /opt/airflow/dags/offshore_scada_pipeline_dag.py
[2026-08-23T12:33:34.712+0000] {logging_mixin.py:188} INFO - [2026-08-23T12:33:34.711+0000] {dag.py:3036} INFO - Sync 1 DAGs
[2026-08-23T12:33:34.729+0000] {logging_mixin.py:188} INFO - [2026-08-23T12:33:34.729+0000] {dag.py:3823} INFO - Setting next_dagrun for malaysia_offshore_scada_pipeline to 2026-08-23 12:00:00+00:00, run_after=2026-08-23 13:00:00+00:00
[2026-08-23T12:33:34.737+0000] {processor.py:183} INFO - Processing /opt/airflow/dags/offshore_scada_pipeline_dag.py took 0.083 seconds
[2026-08-23T12:34:05.141+0000] {processor.py:161} INFO - Started process (PID=377) to work on /opt/airflow/dags/offshore_scada_pipeline_dag.py
[2026-08-23T12:34:05.142+0000] {processor.py:830} INFO - Processing file /opt/airflow/dags/offshore_scada_pipeline_dag.py for tasks to queue
[2026-08-23T12:34:05.143+0000] {logging_mixin.py:188} INFO - [2026-08-23T12:34:05.142+0000] {dagbag.py:538} INFO - Filling up the DagBag from /opt/airflow/dags/offshore_scada_pipeline_dag.py
[2026-08-23T12:34:05.164+0000] {processor.py:840} INFO - DAG(s) 'malaysia_offshore_scada_pipeline' retrieved from /opt/airflow/dags/offshore_scada_pipeline_dag.py
[2026-08-23T12:34:05.195+0000] {logging_mixin.py:188} INFO - [2026-08-23T12:34:05.195+0000] {dag.py:3036} INFO - Sync 1 DAGs
[2026-08-23T12:34:05.210+0000] {logging_mixin.py:188} INFO - [2026-08-23T12:34:05.210+0000] {dag.py:3823} INFO - Setting next_dagrun for malaysia_offshore_scada_pipeline to 2026-08-23 12:00:00+00:00, run_after=2026-08-23 13:00:00+00:00
[2026-08-23T12:34:05.218+0000] {processor.py:183} INFO - Processing /opt/airflow/dags/offshore_scada_pipeline_dag.py took 0.086 seconds
[2026-08-23T12:34:35.621+0000] {processor.py:161} INFO - Started process (PID=382) to work on /opt/airflow/dags/offshore_scada_pipeline_dag.py
[2026-08-23T12:34:35.623+0000] {processor.py:830} INFO - Processing file /opt/airflow/dags/offshore_scada_pipeline_dag.py for tasks to queue
[2026-08-23T12:34:35.624+0000] {logging_mixin.py:188} INFO - [2026-08-23T12:34:35.624+0000] {dagbag.py:538} INFO - Filling up the DagBag from /opt/airflow/dags/offshore_scada_pipeline_dag.py
[2026-08-23T12:34:35.639+0000] {processor.py:840} INFO - DAG(s) 'malaysia_offshore_scada_pipeline' retrieved from /opt/airflow/dags/offshore_scada_pipeline_dag.py
[2026-08-23T12:34:35.669+0000] {logging_mixin.py:188} INFO - [2026-08-23T12:34:35.669+0000] {dag.py:3036} INFO - Sync 1 DAGs
[2026-08-23T12:34:35.687+0000] {logging_mixin.py:188} INFO - [2026-08-23T12:34:35.686+0000] {dag.py:3823} INFO - Setting next_dagrun for malaysia_offshore_scada_pipeline to 2026-08-23 12:00:00+00:00, run_after=2026-08-23 13:00:00+00:00
[2026-08-23T12:34:35.695+0000] {processor.py:183} INFO - Processing /opt/airflow/dags/offshore_scada_pipeline_dag.py took 0.078 seconds
[2026-08-23T12:35:06.002+0000] {processor.py:161} INFO - Started process (PID=387) to work on /opt/airflow/dags/offshore_scada_pipeline_dag.py
[2026-08-23T12:35:06.003+0000] {processor.py:830} INFO - Processing file /opt/airflow/dags/offshore_scada_pipeline_dag.py for tasks to queue
[2026-08-23T12:35:06.004+0000] {logging_mixin.py:188} INFO - [2026-08-23T12:35:06.004+0000] {dagbag.py:538} INFO - Filling up the DagBag from /opt/airflow/dags/offshore_scada_pipeline_dag.py
[2026-08-23T12:35:06.024+0000] {processor.py:840} INFO - DAG(s) 'malaysia_offshore_scada_pipeline' retrieved from /opt/airflow/dags/offshore_scada_pipeline_dag.py
[2026-08-23T12:35:06.052+0000] {logging_mixin.py:188} INFO - [2026-08-23T12:35:06.052+0000] {dag.py:3036} INFO - Sync 1 DAGs
[2026-08-23T12:35:06.069+0000] {logging_mixin.py:188} INFO - [2026-08-23T12:35:06.069+0000] {dag.py:3823} INFO - Setting next_dagrun for malaysia_offshore_scada_pipeline to 2026-08-23 12:00:00+00:00, run_after=2026-08-23 13:00:00+00:00
[2026-08-23T12:35:06.077+0000] {processor.py:183} INFO - Processing /opt/airflow/dags/offshore_scada_pipeline_dag.py took 0.083 seconds
[2026-08-23T12:35:36.365+0000] {processor.py:161} INFO - Started process (PID=392) to work on /opt/airflow/dags/offshore_scada_pipeline_dag.py
[2026-08-23T12:35:36.366+0000] {processor.py:830} INFO - Processing file /opt/airflow/dags/offshore_scada_pipeline_dag.py for tasks to queue
[2026-08-23T12:35:36.367+0000] {logging_mixin.py:188} INFO - [2026-08-23T12:35:36.366+0000] {dagbag.py:538} INFO - Filling up the DagBag from /opt/airflow/dags/offshore_scada_pipeline_dag.py
[2026-08-23T12:35:36.383+0000] {processor.py:840} INFO - DAG(s) 'malaysia_offshore_scada_pipeline' retrieved from /opt/airflow/dags/offshore_scada_pipeline_dag.py
[2026-08-23T12:35:36.411+0000] {logging_mixin.py:188} INFO - [2026-08-23T12:35:36.411+0000] {dag.py:3036} INFO - Sync 1 DAGs
[2026-08-23T12:35:36.425+0000] {logging_mixin.py:188} INFO - [2026-08-23T12:35:36.425+0000] {dag.py:3823} INFO - Setting next_dagrun for malaysia_offshore_scada_pipeline to 2026-08-23 12:00:00+00:00, run_after=2026-08-23 13:00:00+00:00
[2026-08-23T12:35:36.438+0000] {processor.py:183} INFO - Processing /opt/airflow/dags/offshore_scada_pipeline_dag.py took 0.080 seconds
[2026-08-23T12:36:06.935+0000] {processor.py:161} INFO - Started process (PID=397) to work on /opt/airflow/dags/offshore_scada_pipeline_dag.py
[2026-08-23T12:36:06.936+0000] {processor.py:830} INFO - Processing file /opt/airflow/dags/offshore_scada_pipeline_dag.py for tasks to queue
[2026-08-23T12:36:06.937+0000] {logging_mixin.py:188} INFO - [2026-08-23T12:36:06.937+0000] {dagbag.py:538} INFO - Filling up the DagBag from /opt/airflow/dags/offshore_scada_pipeline_dag.py
[2026-08-23T12:36:06.962+0000] {processor.py:840} INFO - DAG(s) 'malaysia_offshore_scada_pipeline' retrieved from /opt/airflow/dags/offshore_scada_pipeline_dag.py
[2026-08-23T12:36:07.004+0000] {logging_mixin.py:188} INFO - [2026-08-23T12:36:07.004+0000] {dag.py:3036} INFO - Sync 1 DAGs
[2026-08-23T12:36:07.023+0000] {logging_mixin.py:188} INFO - [2026-08-23T12:36:07.022+0000] {dag.py:3823} INFO - Setting next_dagrun for malaysia_offshore_scada_pipeline to 2026-08-23 12:00:00+00:00, run_after=2026-08-23 13:00:00+00:00
[2026-08-23T12:36:07.032+0000] {processor.py:183} INFO - Processing /opt/airflow/dags/offshore_scada_pipeline_dag.py took 0.108 seconds
[2026-08-23T12:36:50.520+0000] {processor.py:161} INFO - Started process (PID=402) to work on /opt/airflow/dags/offshore_scada_pipeline_dag.py
[2026-08-23T12:36:50.521+0000] {processor.py:830} INFO - Processing file /opt/airflow/dags/offshore_scada_pipeline_dag.py for tasks to queue
[2026-08-23T12:36:50.522+0000] {logging_mixin.py:188} INFO - [2026-08-23T12:36:50.522+0000] {dagbag.py:538} INFO - Filling up the DagBag from /opt/airflow/dags/offshore_scada_pipeline_dag.py
[2026-08-23T12:36:50.541+0000] {processor.py:840} INFO - DAG(s) 'malaysia_offshore_scada_pipeline' retrieved from /opt/airflow/dags/offshore_scada_pipeline_dag.py
[2026-08-23T12:36:50.570+0000] {logging_mixin.py:188} INFO - [2026-08-23T12:36:50.570+0000] {dag.py:3036} INFO - Sync 1 DAGs
[2026-08-23T12:36:50.585+0000] {logging_mixin.py:188} INFO - [2026-08-23T12:36:50.585+0000] {dag.py:3823} INFO - Setting next_dagrun for malaysia_offshore_scada_pipeline to 2026-08-23 12:00:00+00:00, run_after=2026-08-23 13:00:00+00:00
[2026-08-23T12:36:50.595+0000] {processor.py:183} INFO - Processing /opt/airflow/dags/offshore_scada_pipeline_dag.py took 0.079 seconds
[2026-08-23T12:37:20.986+0000] {processor.py:161} INFO - Started process (PID=409) to work on /opt/airflow/dags/offshore_scada_pipeline_dag.py
[2026-08-23T12:37:20.987+0000] {processor.py:830} INFO - Processing file /opt/airflow/dags/offshore_scada_pipeline_dag.py for tasks to queue
[2026-08-23T12:37:20.988+0000] {logging_mixin.py:188} INFO - [2026-08-23T12:37:20.988+0000] {dagbag.py:538} INFO - Filling up the DagBag from /opt/airflow/dags/offshore_scada_pipeline_dag.py
[2026-08-23T12:37:21.011+0000] {processor.py:840} INFO - DAG(s) 'malaysia_offshore_scada_pipeline' retrieved from /opt/airflow/dags/offshore_scada_pipeline_dag.py
[2026-08-23T12:37:21.035+0000] {logging_mixin.py:188} INFO - [2026-08-23T12:37:21.035+0000] {dag.py:3036} INFO - Sync 1 DAGs
[2026-08-23T12:37:21.054+0000] {logging_mixin.py:188} INFO - [2026-08-23T12:37:21.054+0000] {dag.py:3823} INFO - Setting next_dagrun for malaysia_offshore_scada_pipeline to 2026-08-23 12:00:00+00:00, run_after=2026-08-23 13:00:00+00:00
[2026-08-23T12:37:21.063+0000] {processor.py:183} INFO - Processing /opt/airflow/dags/offshore_scada_pipeline_dag.py took 0.084 seconds
[2026-08-23T12:37:57.607+0000] {processor.py:161} INFO - Started process (PID=414) to work on /opt/airflow/dags/offshore_scada_pipeline_dag.py
[2026-08-23T12:37:57.612+0000] {processor.py:830} INFO - Processing file /opt/airflow/dags/offshore_scada_pipeline_dag.py for tasks to queue
[2026-08-23T12:37:57.614+0000] {logging_mixin.py:188} INFO - [2026-08-23T12:37:57.613+0000] {dagbag.py:538} INFO - Filling up the DagBag from /opt/airflow/dags/offshore_scada_pipeline_dag.py
[2026-08-23T12:37:57.642+0000] {processor.py:840} INFO - DAG(s) 'malaysia_offshore_scada_pipeline' retrieved from /opt/airflow/dags/offshore_scada_pipeline_dag.py
[2026-08-23T12:37:57.689+0000] {logging_mixin.py:188} INFO - [2026-08-23T12:37:57.689+0000] {dag.py:3036} INFO - Sync 1 DAGs
[2026-08-23T12:37:57.712+0000] {logging_mixin.py:188} INFO - [2026-08-23T12:37:57.712+0000] {dag.py:3823} INFO - Setting next_dagrun for malaysia_offshore_scada_pipeline to 2026-08-23 12:00:00+00:00, run_after=2026-08-23 13:00:00+00:00
[2026-08-23T12:37:57.723+0000] {processor.py:183} INFO - Processing /opt/airflow/dags/offshore_scada_pipeline_dag.py took 0.126 seconds
[2026-08-23T12:53:49.477+0000] {processor.py:161} INFO - Started process (PID=419) to work on /opt/airflow/dags/offshore_scada_pipeline_dag.py
[2026-08-23T12:53:49.478+0000] {processor.py:830} INFO - Processing file /opt/airflow/dags/offshore_scada_pipeline_dag.py for tasks to queue
[2026-08-23T12:53:49.479+0000] {logging_mixin.py:188} INFO - [2026-08-23T12:53:49.478+0000] {dagbag.py:538} INFO - Filling up the DagBag from /opt/airflow/dags/offshore_scada_pipeline_dag.py
[2026-08-23T12:53:49.510+0000] {processor.py:840} INFO - DAG(s) 'malaysia_offshore_scada_pipeline' retrieved from /opt/airflow/dags/offshore_scada_pipeline_dag.py
[2026-08-23T12:53:49.575+0000] {logging_mixin.py:188} INFO - [2026-08-23T12:53:49.574+0000] {dag.py:3036} INFO - Sync 1 DAGs
[2026-08-23T12:53:49.600+0000] {logging_mixin.py:188} INFO - [2026-08-23T12:53:49.600+0000] {dag.py:3823} INFO - Setting next_dagrun for malaysia_offshore_scada_pipeline to 2026-08-23 12:00:00+00:00, run_after=2026-08-23 13:00:00+00:00
[2026-08-23T12:53:49.626+0000] {processor.py:183} INFO - Processing /opt/airflow/dags/offshore_scada_pipeline_dag.py took 0.155 seconds
[2026-08-23T12:54:19.923+0000] {processor.py:161} INFO - Started process (PID=426) to work on /opt/airflow/dags/offshore_scada_pipeline_dag.py
[2026-08-23T12:54:19.925+0000] {processor.py:830} INFO - Processing file /opt/airflow/dags/offshore_scada_pipeline_dag.py for tasks to queue
[2026-08-23T12:54:19.927+0000] {logging_mixin.py:188} INFO - [2026-08-23T12:54:19.926+0000] {dagbag.py:538} INFO - Filling up the DagBag from /opt/airflow/dags/offshore_scada_pipeline_dag.py
[2026-08-23T12:54:19.947+0000] {processor.py:840} INFO - DAG(s) 'malaysia_offshore_scada_pipeline' retrieved from /opt/airflow/dags/offshore_scada_pipeline_dag.py
[2026-08-23T12:54:19.974+0000] {logging_mixin.py:188} INFO - [2026-08-23T12:54:19.974+0000] {dag.py:3036} INFO - Sync 1 DAGs
[2026-08-23T12:54:19.987+0000] {logging_mixin.py:188} INFO - [2026-08-23T12:54:19.987+0000] {dag.py:3823} INFO - Setting next_dagrun for malaysia_offshore_scada_pipeline to 2026-08-23 12:00:00+00:00, run_after=2026-08-23 13:00:00+00:00
[2026-08-23T12:54:19.995+0000] {processor.py:183} INFO - Processing /opt/airflow/dags/offshore_scada_pipeline_dag.py took 0.085 seconds
[2026-08-23T12:56:35.984+0000] {processor.py:161} INFO - Started process (PID=431) to work on /opt/airflow/dags/offshore_scada_pipeline_dag.py
[2026-08-23T12:56:35.988+0000] {processor.py:830} INFO - Processing file /opt/airflow/dags/offshore_scada_pipeline_dag.py for tasks to queue
[2026-08-23T12:56:35.989+0000] {logging_mixin.py:188} INFO - [2026-08-23T12:56:35.989+0000] {dagbag.py:538} INFO - Filling up the DagBag from /opt/airflow/dags/offshore_scada_pipeline_dag.py
[2026-08-23T12:56:36.004+0000] {processor.py:840} INFO - DAG(s) 'malaysia_offshore_scada_pipeline' retrieved from /opt/airflow/dags/offshore_scada_pipeline_dag.py
[2026-08-23T12:56:36.024+0000] {logging_mixin.py:188} INFO - [2026-08-23T12:56:36.023+0000] {dag.py:3036} INFO - Sync 1 DAGs
[2026-08-23T12:56:36.035+0000] {logging_mixin.py:188} INFO - [2026-08-23T12:56:36.035+0000] {dag.py:3823} INFO - Setting next_dagrun for malaysia_offshore_scada_pipeline to 2026-08-23 12:00:00+00:00, run_after=2026-08-23 13:00:00+00:00
[2026-08-23T12:56:36.042+0000] {processor.py:183} INFO - Processing /opt/airflow/dags/offshore_scada_pipeline_dag.py took 0.061 seconds
[2026-08-23T12:57:06.439+0000] {processor.py:161} INFO - Started process (PID=436) to work on /opt/airflow/dags/offshore_scada_pipeline_dag.py
[2026-08-23T12:57:06.440+0000] {processor.py:830} INFO - Processing file /opt/airflow/dags/offshore_scada_pipeline_dag.py for tasks to queue
[2026-08-23T12:57:06.441+0000] {logging_mixin.py:188} INFO - [2026-08-23T12:57:06.441+0000] {dagbag.py:538} INFO - Filling up the DagBag from /opt/airflow/dags/offshore_scada_pipeline_dag.py
[2026-08-23T12:57:06.460+0000] {processor.py:840} INFO - DAG(s) 'malaysia_offshore_scada_pipeline' retrieved from /opt/airflow/dags/offshore_scada_pipeline_dag.py
[2026-08-23T12:57:06.488+0000] {logging_mixin.py:188} INFO - [2026-08-23T12:57:06.488+0000] {dag.py:3036} INFO - Sync 1 DAGs
[2026-08-23T12:57:06.500+0000] {logging_mixin.py:188} INFO - [2026-08-23T12:57:06.500+0000] {dag.py:3823} INFO - Setting next_dagrun for malaysia_offshore_scada_pipeline to 2026-08-23 12:00:00+00:00, run_after=2026-08-23 13:00:00+00:00
[2026-08-23T12:57:06.510+0000] {processor.py:183} INFO - Processing /opt/airflow/dags/offshore_scada_pipeline_dag.py took 0.075 seconds
[2026-08-23T12:57:36.875+0000] {processor.py:161} INFO - Started process (PID=441) to work on /opt/airflow/dags/offshore_scada_pipeline_dag.py
[2026-08-23T12:57:36.876+0000] {processor.py:830} INFO - Processing file /opt/airflow/dags/offshore_scada_pipeline_dag.py for tasks to queue
[2026-08-23T12:57:36.877+0000] {logging_mixin.py:188} INFO - [2026-08-23T12:57:36.877+0000] {dagbag.py:538} INFO - Filling up the DagBag from /opt/airflow/dags/offshore_scada_pipeline_dag.py
[2026-08-23T12:57:36.901+0000] {processor.py:840} INFO - DAG(s) 'malaysia_offshore_scada_pipeline' retrieved from /opt/airflow/dags/offshore_scada_pipeline_dag.py
[2026-08-23T12:57:36.920+0000] {logging_mixin.py:188} INFO - [2026-08-23T12:57:36.920+0000] {dag.py:3036} INFO - Sync 1 DAGs
[2026-08-23T12:57:36.933+0000] {logging_mixin.py:188} INFO - [2026-08-23T12:57:36.932+0000] {dag.py:3823} INFO - Setting next_dagrun for malaysia_offshore_scada_pipeline to 2026-08-23 12:00:00+00:00, run_after=2026-08-23 13:00:00+00:00
[2026-08-23T12:57:36.942+0000] {processor.py:183} INFO - Processing /opt/airflow/dags/offshore_scada_pipeline_dag.py took 0.071 seconds
[2026-08-23T12:58:29.314+0000] {processor.py:161} INFO - Started process (PID=448) to work on /opt/airflow/dags/offshore_scada_pipeline_dag.py
[2026-08-23T12:58:29.315+0000] {processor.py:830} INFO - Processing file /opt/airflow/dags/offshore_scada_pipeline_dag.py for tasks to queue
[2026-08-23T12:58:29.316+0000] {logging_mixin.py:188} INFO - [2026-08-23T12:58:29.315+0000] {dagbag.py:538} INFO - Filling up the DagBag from /opt/airflow/dags/offshore_scada_pipeline_dag.py
[2026-08-23T12:58:29.330+0000] {processor.py:840} INFO - DAG(s) 'malaysia_offshore_scada_pipeline' retrieved from /opt/airflow/dags/offshore_scada_pipeline_dag.py
[2026-08-23T12:58:29.345+0000] {logging_mixin.py:188} INFO - [2026-08-23T12:58:29.345+0000] {dag.py:3036} INFO - Sync 1 DAGs
[2026-08-23T12:58:29.359+0000] {logging_mixin.py:188} INFO - [2026-08-23T12:58:29.359+0000] {dag.py:3823} INFO - Setting next_dagrun for malaysia_offshore_scada_pipeline to 2026-08-23 12:00:00+00:00, run_after=2026-08-23 13:00:00+00:00
[2026-08-23T12:58:29.373+0000] {processor.py:183} INFO - Processing /opt/airflow/dags/offshore_scada_pipeline_dag.py took 0.068 seconds
[2026-08-23T12:58:59.749+0000] {processor.py:161} INFO - Started process (PID=453) to work on /opt/airflow/dags/offshore_scada_pipeline_dag.py
[2026-08-23T12:58:59.750+0000] {processor.py:830} INFO - Processing file /opt/airflow/dags/offshore_scada_pipeline_dag.py for tasks to queue
[2026-08-23T12:58:59.751+0000] {logging_mixin.py:188} INFO - [2026-08-23T12:58:59.751+0000] {dagbag.py:538} INFO - Filling up the DagBag from /opt/airflow/dags/offshore_scada_pipeline_dag.py
[2026-08-23T12:58:59.763+0000] {processor.py:840} INFO - DAG(s) 'malaysia_offshore_scada_pipeline' retrieved from /opt/airflow/dags/offshore_scada_pipeline_dag.py
[2026-08-23T12:58:59.790+0000] {logging_mixin.py:188} INFO - [2026-08-23T12:58:59.790+0000] {dag.py:3036} INFO - Sync 1 DAGs
[2026-08-23T12:58:59.805+0000] {logging_mixin.py:188} INFO - [2026-08-23T12:58:59.805+0000] {dag.py:3823} INFO - Setting next_dagrun for malaysia_offshore_scada_pipeline to 2026-08-23 12:00:00+00:00, run_after=2026-08-23 13:00:00+00:00
[2026-08-23T12:58:59.817+0000] {processor.py:183} INFO - Processing /opt/airflow/dags/offshore_scada_pipeline_dag.py took 0.071 seconds
[2026-08-23T12:59:37.638+0000] {processor.py:161} INFO - Started process (PID=458) to work on /opt/airflow/dags/offshore_scada_pipeline_dag.py
[2026-08-23T12:59:37.639+0000] {processor.py:830} INFO - Processing file /opt/airflow/dags/offshore_scada_pipeline_dag.py for tasks to queue
[2026-08-23T12:59:37.640+0000] {logging_mixin.py:188} INFO - [2026-08-23T12:59:37.640+0000] {dagbag.py:538} INFO - Filling up the DagBag from /opt/airflow/dags/offshore_scada_pipeline_dag.py
[2026-08-23T12:59:37.662+0000] {processor.py:840} INFO - DAG(s) 'malaysia_offshore_scada_pipeline' retrieved from /opt/airflow/dags/offshore_scada_pipeline_dag.py
[2026-08-23T12:59:37.690+0000] {logging_mixin.py:188} INFO - [2026-08-23T12:59:37.690+0000] {dag.py:3036} INFO - Sync 1 DAGs
[2026-08-23T12:59:37.705+0000] {logging_mixin.py:188} INFO - [2026-08-23T12:59:37.705+0000] {dag.py:3823} INFO - Setting next_dagrun for malaysia_offshore_scada_pipeline to 2026-08-23 12:00:00+00:00, run_after=2026-08-23 13:00:00+00:00
[2026-08-23T12:59:37.713+0000] {processor.py:183} INFO - Processing /opt/airflow/dags/offshore_scada_pipeline_dag.py took 0.081 seconds
[2026-08-23T13:00:09.581+0000] {processor.py:161} INFO - Started process (PID=475) to work on /opt/airflow/dags/offshore_scada_pipeline_dag.py
[2026-08-23T13:00:09.583+0000] {processor.py:830} INFO - Processing file /opt/airflow/dags/offshore_scada_pipeline_dag.py for tasks to queue
[2026-08-23T13:00:09.583+0000] {logging_mixin.py:188} INFO - [2026-08-23T13:00:09.583+0000] {dagbag.py:538} INFO - Filling up the DagBag from /opt/airflow/dags/offshore_scada_pipeline_dag.py
[2026-08-23T13:00:09.599+0000] {processor.py:840} INFO - DAG(s) 'malaysia_offshore_scada_pipeline' retrieved from /opt/airflow/dags/offshore_scada_pipeline_dag.py
[2026-08-23T13:00:09.621+0000] {logging_mixin.py:188} INFO - [2026-08-23T13:00:09.620+0000] {dag.py:3036} INFO - Sync 1 DAGs
[2026-08-23T13:00:09.635+0000] {logging_mixin.py:188} INFO - [2026-08-23T13:00:09.635+0000] {dag.py:3823} INFO - Setting next_dagrun for malaysia_offshore_scada_pipeline to 2026-08-23 13:00:00+00:00, run_after=2026-08-23 14:00:00+00:00
[2026-08-23T13:00:09.641+0000] {processor.py:183} INFO - Processing /opt/airflow/dags/offshore_scada_pipeline_dag.py took 0.064 seconds
[2026-08-23T13:00:40.060+0000] {processor.py:161} INFO - Started process (PID=480) to work on /opt/airflow/dags/offshore_scada_pipeline_dag.py
[2026-08-23T13:00:40.062+0000] {processor.py:830} INFO - Processing file /opt/airflow/dags/offshore_scada_pipeline_dag.py for tasks to queue
[2026-08-23T13:00:40.063+0000] {logging_mixin.py:188} INFO - [2026-08-23T13:00:40.062+0000] {dagbag.py:538} INFO - Filling up the DagBag from /opt/airflow/dags/offshore_scada_pipeline_dag.py
[2026-08-23T13:00:40.076+0000] {processor.py:840} INFO - DAG(s) 'malaysia_offshore_scada_pipeline' retrieved from /opt/airflow/dags/offshore_scada_pipeline_dag.py
[2026-08-23T13:00:40.096+0000] {logging_mixin.py:188} INFO - [2026-08-23T13:00:40.096+0000] {dag.py:3036} INFO - Sync 1 DAGs
[2026-08-23T13:00:40.111+0000] {logging_mixin.py:188} INFO - [2026-08-23T13:00:40.111+0000] {dag.py:3823} INFO - Setting next_dagrun for malaysia_offshore_scada_pipeline to 2026-08-23 13:00:00+00:00, run_after=2026-08-23 14:00:00+00:00
[2026-08-23T13:00:40.118+0000] {processor.py:183} INFO - Processing /opt/airflow/dags/offshore_scada_pipeline_dag.py took 0.061 seconds
[2026-08-23T13:04:54.638+0000] {processor.py:161} INFO - Started process (PID=485) to work on /opt/airflow/dags/offshore_scada_pipeline_dag.py
[2026-08-23T13:04:54.641+0000] {processor.py:830} INFO - Processing file /opt/airflow/dags/offshore_scada_pipeline_dag.py for tasks to queue
[2026-08-23T13:04:54.641+0000] {logging_mixin.py:188} INFO - [2026-08-23T13:04:54.641+0000] {dagbag.py:538} INFO - Filling up the DagBag from /opt/airflow/dags/offshore_scada_pipeline_dag.py
[2026-08-23T13:04:54.660+0000] {processor.py:840} INFO - DAG(s) 'malaysia_offshore_scada_pipeline' retrieved from /opt/airflow/dags/offshore_scada_pipeline_dag.py
[2026-08-23T13:04:54.682+0000] {logging_mixin.py:188} INFO - [2026-08-23T13:04:54.682+0000] {dag.py:3036} INFO - Sync 1 DAGs
[2026-08-23T13:04:54.698+0000] {logging_mixin.py:188} INFO - [2026-08-23T13:04:54.698+0000] {dag.py:3823} INFO - Setting next_dagrun for malaysia_offshore_scada_pipeline to 2026-08-23 13:00:00+00:00, run_after=2026-08-23 14:00:00+00:00
[2026-08-23T13:04:54.705+0000] {processor.py:183} INFO - Processing /opt/airflow/dags/offshore_scada_pipeline_dag.py took 0.074 seconds
[2026-08-23T13:05:27.908+0000] {processor.py:161} INFO - Started process (PID=490) to work on /opt/airflow/dags/offshore_scada_pipeline_dag.py
[2026-08-23T13:05:27.925+0000] {processor.py:830} INFO - Processing file /opt/airflow/dags/offshore_scada_pipeline_dag.py for tasks to queue
[2026-08-23T13:05:27.949+0000] {logging_mixin.py:188} INFO - [2026-08-23T13:05:27.936+0000] {dagbag.py:538} INFO - Filling up the DagBag from /opt/airflow/dags/offshore_scada_pipeline_dag.py
[2026-08-23T13:05:28.456+0000] {processor.py:840} INFO - DAG(s) 'malaysia_offshore_scada_pipeline' retrieved from /opt/airflow/dags/offshore_scada_pipeline_dag.py
[2026-08-23T13:05:29.907+0000] {logging_mixin.py:188} INFO - [2026-08-23T13:05:29.906+0000] {dag.py:3036} INFO - Sync 1 DAGs
[2026-08-23T13:05:30.896+0000] {logging_mixin.py:188} INFO - [2026-08-23T13:05:30.895+0000] {dag.py:3823} INFO - Setting next_dagrun for malaysia_offshore_scada_pipeline to 2026-08-23 13:00:00+00:00, run_after=2026-08-23 14:00:00+00:00
[2026-08-23T13:05:33.277+0000] {processor.py:183} INFO - Processing /opt/airflow/dags/offshore_scada_pipeline_dag.py took 5.407 seconds
[2026-08-23T13:06:04.965+0000] {processor.py:161} INFO - Started process (PID=495) to work on /opt/airflow/dags/offshore_scada_pipeline_dag.py
[2026-08-23T13:06:04.967+0000] {processor.py:830} INFO - Processing file /opt/airflow/dags/offshore_scada_pipeline_dag.py for tasks to queue
[2026-08-23T13:06:04.969+0000] {logging_mixin.py:188} INFO - [2026-08-23T13:06:04.968+0000] {dagbag.py:538} INFO - Filling up the DagBag from /opt/airflow/dags/offshore_scada_pipeline_dag.py
[2026-08-23T13:06:05.008+0000] {processor.py:840} INFO - DAG(s) 'malaysia_offshore_scada_pipeline' retrieved from /opt/airflow/dags/offshore_scada_pipeline_dag.py
[2026-08-23T13:06:05.041+0000] {logging_mixin.py:188} INFO - [2026-08-23T13:06:05.041+0000] {dag.py:3036} INFO - Sync 1 DAGs
[2026-08-23T13:06:05.056+0000] {logging_mixin.py:188} INFO - [2026-08-23T13:06:05.056+0000] {dag.py:3823} INFO - Setting next_dagrun for malaysia_offshore_scada_pipeline to 2026-08-23 13:00:00+00:00, run_after=2026-08-23 14:00:00+00:00
[2026-08-23T13:06:05.065+0000] {processor.py:183} INFO - Processing /opt/airflow/dags/offshore_scada_pipeline_dag.py took 0.114 seconds
[2026-08-23T13:06:35.425+0000] {processor.py:161} INFO - Started process (PID=500) to work on /opt/airflow/dags/offshore_scada_pipeline_dag.py
[2026-08-23T13:06:35.428+0000] {processor.py:830} INFO - Processing file /opt/airflow/dags/offshore_scada_pipeline_dag.py for tasks to queue
[2026-08-23T13:06:35.429+0000] {logging_mixin.py:188} INFO - [2026-08-23T13:06:35.428+0000] {dagbag.py:538} INFO - Filling up the DagBag from /opt/airflow/dags/offshore_scada_pipeline_dag.py
[2026-08-23T13:06:35.451+0000] {processor.py:840} INFO - DAG(s) 'malaysia_offshore_scada_pipeline' retrieved from /opt/airflow/dags/offshore_scada_pipeline_dag.py
[2026-08-23T13:06:35.490+0000] {logging_mixin.py:188} INFO - [2026-08-23T13:06:35.489+0000] {dag.py:3036} INFO - Sync 1 DAGs
[2026-08-23T13:06:35.505+0000] {logging_mixin.py:188} INFO - [2026-08-23T13:06:35.505+0000] {dag.py:3823} INFO - Setting next_dagrun for malaysia_offshore_scada_pipeline to 2026-08-23 13:00:00+00:00, run_after=2026-08-23 14:00:00+00:00
[2026-08-23T13:06:35.513+0000] {processor.py:183} INFO - Processing /opt/airflow/dags/offshore_scada_pipeline_dag.py took 0.092 seconds
[2026-08-23T13:07:05.933+0000] {processor.py:161} INFO - Started process (PID=505) to work on /opt/airflow/dags/offshore_scada_pipeline_dag.py
[2026-08-23T13:07:05.934+0000] {processor.py:830} INFO - Processing file /opt/airflow/dags/offshore_scada_pipeline_dag.py for tasks to queue
[2026-08-23T13:07:05.935+0000] {logging_mixin.py:188} INFO - [2026-08-23T13:07:05.935+0000] {dagbag.py:538} INFO - Filling up the DagBag from /opt/airflow/dags/offshore_scada_pipeline_dag.py
[2026-08-23T13:07:05.960+0000] {processor.py:840} INFO - DAG(s) 'malaysia_offshore_scada_pipeline' retrieved from /opt/airflow/dags/offshore_scada_pipeline_dag.py
[2026-08-23T13:07:05.992+0000] {logging_mixin.py:188} INFO - [2026-08-23T13:07:05.992+0000] {dag.py:3036} INFO - Sync 1 DAGs
[2026-08-23T13:07:06.012+0000] {logging_mixin.py:188} INFO - [2026-08-23T13:07:06.012+0000] {dag.py:3823} INFO - Setting next_dagrun for malaysia_offshore_scada_pipeline to 2026-08-23 13:00:00+00:00, run_after=2026-08-23 14:00:00+00:00
[2026-08-23T13:07:06.037+0000] {processor.py:183} INFO - Processing /opt/airflow/dags/offshore_scada_pipeline_dag.py took 0.108 seconds
[2026-08-23T13:07:36.369+0000] {processor.py:161} INFO - Started process (PID=510) to work on /opt/airflow/dags/offshore_scada_pipeline_dag.py
[2026-08-23T13:07:36.370+0000] {processor.py:830} INFO - Processing file /opt/airflow/dags/offshore_scada_pipeline_dag.py for tasks to queue
[2026-08-23T13:07:36.372+0000] {logging_mixin.py:188} INFO - [2026-08-23T13:07:36.371+0000] {dagbag.py:538} INFO - Filling up the DagBag from /opt/airflow/dags/offshore_scada_pipeline_dag.py
[2026-08-23T13:07:36.391+0000] {processor.py:840} INFO - DAG(s) 'malaysia_offshore_scada_pipeline' retrieved from /opt/airflow/dags/offshore_scada_pipeline_dag.py
[2026-08-23T13:07:36.420+0000] {logging_mixin.py:188} INFO - [2026-08-23T13:07:36.420+0000] {dag.py:3036} INFO - Sync 1 DAGs
[2026-08-23T13:07:36.448+0000] {logging_mixin.py:188} INFO - [2026-08-23T13:07:36.447+0000] {dag.py:3823} INFO - Setting next_dagrun for malaysia_offshore_scada_pipeline to 2026-08-23 13:00:00+00:00, run_after=2026-08-23 14:00:00+00:00
[2026-08-23T13:07:36.456+0000] {processor.py:183} INFO - Processing /opt/airflow/dags/offshore_scada_pipeline_dag.py took 0.108 seconds
[2026-08-23T13:08:06.721+0000] {processor.py:161} INFO - Started process (PID=515) to work on /opt/airflow/dags/offshore_scada_pipeline_dag.py
[2026-08-23T13:08:06.722+0000] {processor.py:830} INFO - Processing file /opt/airflow/dags/offshore_scada_pipeline_dag.py for tasks to queue
[2026-08-23T13:08:06.723+0000] {logging_mixin.py:188} INFO - [2026-08-23T13:08:06.722+0000] {dagbag.py:538} INFO - Filling up the DagBag from /opt/airflow/dags/offshore_scada_pipeline_dag.py
[2026-08-23T13:08:06.740+0000] {processor.py:840} INFO - DAG(s) 'malaysia_offshore_scada_pipeline' retrieved from /opt/airflow/dags/offshore_scada_pipeline_dag.py
[2026-08-23T13:08:06.765+0000] {logging_mixin.py:188} INFO - [2026-08-23T13:08:06.765+0000] {dag.py:3036} INFO - Sync 1 DAGs
[2026-08-23T13:08:06.780+0000] {logging_mixin.py:188} INFO - [2026-08-23T13:08:06.780+0000] {dag.py:3823} INFO - Setting next_dagrun for malaysia_offshore_scada_pipeline to 2026-08-23 13:00:00+00:00, run_after=2026-08-23 14:00:00+00:00
[2026-08-23T13:08:06.788+0000] {processor.py:183} INFO - Processing /opt/airflow/dags/offshore_scada_pipeline_dag.py took 0.070 seconds
[2026-08-23T13:08:37.188+0000] {processor.py:161} INFO - Started process (PID=520) to work on /opt/airflow/dags/offshore_scada_pipeline_dag.py
[2026-08-23T13:08:37.190+0000] {processor.py:830} INFO - Processing file /opt/airflow/dags/offshore_scada_pipeline_dag.py for tasks to queue
[2026-08-23T13:08:37.191+0000] {logging_mixin.py:188} INFO - [2026-08-23T13:08:37.190+0000] {dagbag.py:538} INFO - Filling up the DagBag from /opt/airflow/dags/offshore_scada_pipeline_dag.py
[2026-08-23T13:08:37.207+0000] {processor.py:840} INFO - DAG(s) 'malaysia_offshore_scada_pipeline' retrieved from /opt/airflow/dags/offshore_scada_pipeline_dag.py
[2026-08-23T13:08:37.239+0000] {logging_mixin.py:188} INFO - [2026-08-23T13:08:37.239+0000] {dag.py:3036} INFO - Sync 1 DAGs
[2026-08-23T13:08:37.253+0000] {logging_mixin.py:188} INFO - [2026-08-23T13:08:37.253+0000] {dag.py:3823} INFO - Setting next_dagrun for malaysia_offshore_scada_pipeline to 2026-08-23 13:00:00+00:00, run_after=2026-08-23 14:00:00+00:00
[2026-08-23T13:08:37.266+0000] {processor.py:183} INFO - Processing /opt/airflow/dags/offshore_scada_pipeline_dag.py took 0.082 seconds
[2026-08-23T13:09:07.620+0000] {processor.py:161} INFO - Started process (PID=525) to work on /opt/airflow/dags/offshore_scada_pipeline_dag.py
[2026-08-23T13:09:07.622+0000] {processor.py:830} INFO - Processing file /opt/airflow/dags/offshore_scada_pipeline_dag.py for tasks to queue
[2026-08-23T13:09:07.623+0000] {logging_mixin.py:188} INFO - [2026-08-23T13:09:07.622+0000] {dagbag.py:538} INFO - Filling up the DagBag from /opt/airflow/dags/offshore_scada_pipeline_dag.py
[2026-08-23T13:09:07.638+0000] {processor.py:840} INFO - DAG(s) 'malaysia_offshore_scada_pipeline' retrieved from /opt/airflow/dags/offshore_scada_pipeline_dag.py
[2026-08-23T13:09:07.661+0000] {logging_mixin.py:188} INFO - [2026-08-23T13:09:07.661+0000] {dag.py:3036} INFO - Sync 1 DAGs
[2026-08-23T13:09:07.674+0000] {logging_mixin.py:188} INFO - [2026-08-23T13:09:07.674+0000] {dag.py:3823} INFO - Setting next_dagrun for malaysia_offshore_scada_pipeline to 2026-08-23 13:00:00+00:00, run_after=2026-08-23 14:00:00+00:00
[2026-08-23T13:09:07.681+0000] {processor.py:183} INFO - Processing /opt/airflow/dags/offshore_scada_pipeline_dag.py took 0.066 seconds
[2026-08-23T13:09:38.028+0000] {processor.py:161} INFO - Started process (PID=530) to work on /opt/airflow/dags/offshore_scada_pipeline_dag.py
[2026-08-23T13:09:38.029+0000] {processor.py:830} INFO - Processing file /opt/airflow/dags/offshore_scada_pipeline_dag.py for tasks to queue
[2026-08-23T13:09:38.031+0000] {logging_mixin.py:188} INFO - [2026-08-23T13:09:38.030+0000] {dagbag.py:538} INFO - Filling up the DagBag from /opt/airflow/dags/offshore_scada_pipeline_dag.py
[2026-08-23T13:09:38.045+0000] {processor.py:840} INFO - DAG(s) 'malaysia_offshore_scada_pipeline' retrieved from /opt/airflow/dags/offshore_scada_pipeline_dag.py
[2026-08-23T13:09:38.081+0000] {logging_mixin.py:188} INFO - [2026-08-23T13:09:38.081+0000] {dag.py:3036} INFO - Sync 1 DAGs
[2026-08-23T13:09:38.093+0000] {logging_mixin.py:188} INFO - [2026-08-23T13:09:38.093+0000] {dag.py:3823} INFO - Setting next_dagrun for malaysia_offshore_scada_pipeline to 2026-08-23 13:00:00+00:00, run_after=2026-08-23 14:00:00+00:00
[2026-08-23T13:09:38.103+0000] {processor.py:183} INFO - Processing /opt/airflow/dags/offshore_scada_pipeline_dag.py took 0.079 seconds
[2026-08-23T13:10:08.507+0000] {processor.py:161} INFO - Started process (PID=535) to work on /opt/airflow/dags/offshore_scada_pipeline_dag.py
[2026-08-23T13:10:08.508+0000] {processor.py:830} INFO - Processing file /opt/airflow/dags/offshore_scada_pipeline_dag.py for tasks to queue
[2026-08-23T13:10:08.509+0000] {logging_mixin.py:188} INFO - [2026-08-23T13:10:08.509+0000] {dagbag.py:538} INFO - Filling up the DagBag from /opt/airflow/dags/offshore_scada_pipeline_dag.py
[2026-08-23T13:10:08.534+0000] {processor.py:840} INFO - DAG(s) 'malaysia_offshore_scada_pipeline' retrieved from /opt/airflow/dags/offshore_scada_pipeline_dag.py
[2026-08-23T13:10:08.584+0000] {logging_mixin.py:188} INFO - [2026-08-23T13:10:08.583+0000] {dag.py:3036} INFO - Sync 1 DAGs
[2026-08-23T13:10:08.798+0000] {logging_mixin.py:188} INFO - [2026-08-23T13:10:08.798+0000] {dag.py:3823} INFO - Setting next_dagrun for malaysia_offshore_scada_pipeline to 2026-08-23 13:00:00+00:00, run_after=2026-08-23 14:00:00+00:00
[2026-08-23T13:10:08.859+0000] {processor.py:183} INFO - Processing /opt/airflow/dags/offshore_scada_pipeline_dag.py took 0.361 seconds
[2026-08-23T13:10:39.231+0000] {processor.py:161} INFO - Started process (PID=540) to work on /opt/airflow/dags/offshore_scada_pipeline_dag.py
[2026-08-23T13:10:39.234+0000] {processor.py:830} INFO - Processing file /opt/airflow/dags/offshore_scada_pipeline_dag.py for tasks to queue
[2026-08-23T13:10:39.235+0000] {logging_mixin.py:188} INFO - [2026-08-23T13:10:39.235+0000] {dagbag.py:538} INFO - Filling up the DagBag from /opt/airflow/dags/offshore_scada_pipeline_dag.py
[2026-08-23T13:10:39.264+0000] {processor.py:840} INFO - DAG(s) 'malaysia_offshore_scada_pipeline' retrieved from /opt/airflow/dags/offshore_scada_pipeline_dag.py
[2026-08-23T13:10:39.299+0000] {logging_mixin.py:188} INFO - [2026-08-23T13:10:39.299+0000] {dag.py:3036} INFO - Sync 1 DAGs
[2026-08-23T13:10:39.316+0000] {logging_mixin.py:188} INFO - [2026-08-23T13:10:39.315+0000] {dag.py:3823} INFO - Setting next_dagrun for malaysia_offshore_scada_pipeline to 2026-08-23 13:00:00+00:00, run_after=2026-08-23 14:00:00+00:00
[2026-08-23T13:10:39.342+0000] {processor.py:183} INFO - Processing /opt/airflow/dags/offshore_scada_pipeline_dag.py took 0.120 seconds
[2026-08-23T13:11:09.777+0000] {processor.py:161} INFO - Started process (PID=545) to work on /opt/airflow/dags/offshore_scada_pipeline_dag.py
[2026-08-23T13:11:09.778+0000] {processor.py:830} INFO - Processing file /opt/airflow/dags/offshore_scada_pipeline_dag.py for tasks to queue
[2026-08-23T13:11:09.780+0000] {logging_mixin.py:188} INFO - [2026-08-23T13:11:09.780+0000] {dagbag.py:538} INFO - Filling up the DagBag from /opt/airflow/dags/offshore_scada_pipeline_dag.py
[2026-08-23T13:11:09.796+0000] {processor.py:840} INFO - DAG(s) 'malaysia_offshore_scada_pipeline' retrieved from /opt/airflow/dags/offshore_scada_pipeline_dag.py
[2026-08-23T13:11:09.822+0000] {logging_mixin.py:188} INFO - [2026-08-23T13:11:09.822+0000] {dag.py:3036} INFO - Sync 1 DAGs
[2026-08-23T13:11:09.857+0000] {logging_mixin.py:188} INFO - [2026-08-23T13:11:09.857+0000] {dag.py:3823} INFO - Setting next_dagrun for malaysia_offshore_scada_pipeline to 2026-08-23 13:00:00+00:00, run_after=2026-08-23 14:00:00+00:00
[2026-08-23T13:11:09.872+0000] {processor.py:183} INFO - Processing /opt/airflow/dags/offshore_scada_pipeline_dag.py took 0.098 seconds
[2026-08-23T13:11:40.176+0000] {processor.py:161} INFO - Started process (PID=550) to work on /opt/airflow/dags/offshore_scada_pipeline_dag.py
[2026-08-23T13:11:40.178+0000] {processor.py:830} INFO - Processing file /opt/airflow/dags/offshore_scada_pipeline_dag.py for tasks to queue
[2026-08-23T13:11:40.179+0000] {logging_mixin.py:188} INFO - [2026-08-23T13:11:40.178+0000] {dagbag.py:538} INFO - Filling up the DagBag from /opt/airflow/dags/offshore_scada_pipeline_dag.py
[2026-08-23T13:11:40.204+0000] {processor.py:840} INFO - DAG(s) 'malaysia_offshore_scada_pipeline' retrieved from /opt/airflow/dags/offshore_scada_pipeline_dag.py
[2026-08-23T13:11:40.236+0000] {logging_mixin.py:188} INFO - [2026-08-23T13:11:40.236+0000] {dag.py:3036} INFO - Sync 1 DAGs
[2026-08-23T13:11:40.254+0000] {logging_mixin.py:188} INFO - [2026-08-23T13:11:40.253+0000] {dag.py:3823} INFO - Setting next_dagrun for malaysia_offshore_scada_pipeline to 2026-08-23 13:00:00+00:00, run_after=2026-08-23 14:00:00+00:00
[2026-08-23T13:11:40.262+0000] {processor.py:183} INFO - Processing /opt/airflow/dags/offshore_scada_pipeline_dag.py took 0.091 seconds
[2026-08-23T13:12:10.633+0000] {processor.py:161} INFO - Started process (PID=555) to work on /opt/airflow/dags/offshore_scada_pipeline_dag.py
[2026-08-23T13:12:10.634+0000] {processor.py:830} INFO - Processing file /opt/airflow/dags/offshore_scada_pipeline_dag.py for tasks to queue
[2026-08-23T13:12:10.635+0000] {logging_mixin.py:188} INFO - [2026-08-23T13:12:10.635+0000] {dagbag.py:538} INFO - Filling up the DagBag from /opt/airflow/dags/offshore_scada_pipeline_dag.py
[2026-08-23T13:12:10.650+0000] {processor.py:840} INFO - DAG(s) 'malaysia_offshore_scada_pipeline' retrieved from /opt/airflow/dags/offshore_scada_pipeline_dag.py
[2026-08-23T13:12:10.689+0000] {logging_mixin.py:188} INFO - [2026-08-23T13:12:10.688+0000] {dag.py:3036} INFO - Sync 1 DAGs
[2026-08-23T13:12:10.717+0000] {logging_mixin.py:188} INFO - [2026-08-23T13:12:10.717+0000] {dag.py:3823} INFO - Setting next_dagrun for malaysia_offshore_scada_pipeline to 2026-08-23 13:00:00+00:00, run_after=2026-08-23 14:00:00+00:00
[2026-08-23T13:12:10.728+0000] {processor.py:183} INFO - Processing /opt/airflow/dags/offshore_scada_pipeline_dag.py took 0.099 seconds
[2026-08-23T13:12:41.021+0000] {processor.py:161} INFO - Started process (PID=560) to work on /opt/airflow/dags/offshore_scada_pipeline_dag.py
[2026-08-23T13:12:41.022+0000] {processor.py:830} INFO - Processing file /opt/airflow/dags/offshore_scada_pipeline_dag.py for tasks to queue
[2026-08-23T13:12:41.023+0000] {logging_mixin.py:188} INFO - [2026-08-23T13:12:41.023+0000] {dagbag.py:538} INFO - Filling up the DagBag from /opt/airflow/dags/offshore_scada_pipeline_dag.py
[2026-08-23T13:12:41.042+0000] {processor.py:840} INFO - DAG(s) 'malaysia_offshore_scada_pipeline' retrieved from /opt/airflow/dags/offshore_scada_pipeline_dag.py
[2026-08-23T13:12:41.067+0000] {logging_mixin.py:188} INFO - [2026-08-23T13:12:41.067+0000] {dag.py:3036} INFO - Sync 1 DAGs
[2026-08-23T13:12:41.085+0000] {logging_mixin.py:188} INFO - [2026-08-23T13:12:41.085+0000] {dag.py:3823} INFO - Setting next_dagrun for malaysia_offshore_scada_pipeline to 2026-08-23 13:00:00+00:00, run_after=2026-08-23 14:00:00+00:00
[2026-08-23T13:12:41.093+0000] {processor.py:183} INFO - Processing /opt/airflow/dags/offshore_scada_pipeline_dag.py took 0.077 seconds
[2026-08-23T13:13:11.339+0000] {processor.py:161} INFO - Started process (PID=565) to work on /opt/airflow/dags/offshore_scada_pipeline_dag.py
[2026-08-23T13:13:11.341+0000] {processor.py:830} INFO - Processing file /opt/airflow/dags/offshore_scada_pipeline_dag.py for tasks to queue
[2026-08-23T13:13:11.343+0000] {logging_mixin.py:188} INFO - [2026-08-23T13:13:11.343+0000] {dagbag.py:538} INFO - Filling up the DagBag from /opt/airflow/dags/offshore_scada_pipeline_dag.py
[2026-08-23T13:13:11.363+0000] {processor.py:840} INFO - DAG(s) 'malaysia_offshore_scada_pipeline' retrieved from /opt/airflow/dags/offshore_scada_pipeline_dag.py
[2026-08-23T13:13:11.390+0000] {logging_mixin.py:188} INFO - [2026-08-23T13:13:11.390+0000] {dag.py:3036} INFO - Sync 1 DAGs
[2026-08-23T13:13:11.402+0000] {logging_mixin.py:188} INFO - [2026-08-23T13:13:11.402+0000] {dag.py:3823} INFO - Setting next_dagrun for malaysia_offshore_scada_pipeline to 2026-08-23 13:00:00+00:00, run_after=2026-08-23 14:00:00+00:00
[2026-08-23T13:13:11.410+0000] {processor.py:183} INFO - Processing /opt/airflow/dags/offshore_scada_pipeline_dag.py took 0.080 seconds
[2026-08-23T13:13:41.727+0000] {processor.py:161} INFO - Started process (PID=570) to work on /opt/airflow/dags/offshore_scada_pipeline_dag.py
[2026-08-23T13:13:41.729+0000] {processor.py:830} INFO - Processing file /opt/airflow/dags/offshore_scada_pipeline_dag.py for tasks to queue
[2026-08-23T13:13:41.730+0000] {logging_mixin.py:188} INFO - [2026-08-23T13:13:41.730+0000] {dagbag.py:538} INFO - Filling up the DagBag from /opt/airflow/dags/offshore_scada_pipeline_dag.py
[2026-08-23T13:13:41.755+0000] {processor.py:840} INFO - DAG(s) 'malaysia_offshore_scada_pipeline' retrieved from /opt/airflow/dags/offshore_scada_pipeline_dag.py
[2026-08-23T13:13:41.785+0000] {logging_mixin.py:188} INFO - [2026-08-23T13:13:41.785+0000] {dag.py:3036} INFO - Sync 1 DAGs
[2026-08-23T13:13:41.803+0000] {logging_mixin.py:188} INFO - [2026-08-23T13:13:41.803+0000] {dag.py:3823} INFO - Setting next_dagrun for malaysia_offshore_scada_pipeline to 2026-08-23 13:00:00+00:00, run_after=2026-08-23 14:00:00+00:00
[2026-08-23T13:13:41.818+0000] {processor.py:183} INFO - Processing /opt/airflow/dags/offshore_scada_pipeline_dag.py took 0.099 seconds
[2026-08-23T13:14:12.105+0000] {processor.py:161} INFO - Started process (PID=575) to work on /opt/airflow/dags/offshore_scada_pipeline_dag.py
[2026-08-23T13:14:12.110+0000] {processor.py:830} INFO - Processing file /opt/airflow/dags/offshore_scada_pipeline_dag.py for tasks to queue
[2026-08-23T13:14:12.111+0000] {logging_mixin.py:188} INFO - [2026-08-23T13:14:12.111+0000] {dagbag.py:538} INFO - Filling up the DagBag from /opt/airflow/dags/offshore_scada_pipeline_dag.py
[2026-08-23T13:14:12.147+0000] {processor.py:840} INFO - DAG(s) 'malaysia_offshore_scada_pipeline' retrieved from /opt/airflow/dags/offshore_scada_pipeline_dag.py
[2026-08-23T13:14:12.279+0000] {logging_mixin.py:188} INFO - [2026-08-23T13:14:12.279+0000] {dag.py:3036} INFO - Sync 1 DAGs
[2026-08-23T13:14:12.369+0000] {logging_mixin.py:188} INFO - [2026-08-23T13:14:12.369+0000] {dag.py:3823} INFO - Setting next_dagrun for malaysia_offshore_scada_pipeline to 2026-08-23 13:00:00+00:00, run_after=2026-08-23 14:00:00+00:00
[2026-08-23T13:14:12.401+0000] {processor.py:183} INFO - Processing /opt/airflow/dags/offshore_scada_pipeline_dag.py took 0.298 seconds
[2026-08-23T13:14:42.514+0000] {processor.py:161} INFO - Started process (PID=580) to work on /opt/airflow/dags/offshore_scada_pipeline_dag.py
[2026-08-23T13:14:42.516+0000] {processor.py:830} INFO - Processing file /opt/airflow/dags/offshore_scada_pipeline_dag.py for tasks to queue
[2026-08-23T13:14:42.518+0000] {logging_mixin.py:188} INFO - [2026-08-23T13:14:42.517+0000] {dagbag.py:538} INFO - Filling up the DagBag from /opt/airflow/dags/offshore_scada_pipeline_dag.py
[2026-08-23T13:14:42.547+0000] {processor.py:840} INFO - DAG(s) 'malaysia_offshore_scada_pipeline' retrieved from /opt/airflow/dags/offshore_scada_pipeline_dag.py
[2026-08-23T13:14:42.575+0000] {logging_mixin.py:188} INFO - [2026-08-23T13:14:42.575+0000] {dag.py:3036} INFO - Sync 1 DAGs
[2026-08-23T13:14:42.592+0000] {logging_mixin.py:188} INFO - [2026-08-23T13:14:42.592+0000] {dag.py:3823} INFO - Setting next_dagrun for malaysia_offshore_scada_pipeline to 2026-08-23 13:00:00+00:00, run_after=2026-08-23 14:00:00+00:00
[2026-08-23T13:14:42.600+0000] {processor.py:183} INFO - Processing /opt/airflow/dags/offshore_scada_pipeline_dag.py took 0.097 seconds
[2026-08-23T13:15:12.975+0000] {processor.py:161} INFO - Started process (PID=585) to work on /opt/airflow/dags/offshore_scada_pipeline_dag.py
[2026-08-23T13:15:12.977+0000] {processor.py:830} INFO - Processing file /opt/airflow/dags/offshore_scada_pipeline_dag.py for tasks to queue
[2026-08-23T13:15:12.978+0000] {logging_mixin.py:188} INFO - [2026-08-23T13:15:12.977+0000] {dagbag.py:538} INFO - Filling up the DagBag from /opt/airflow/dags/offshore_scada_pipeline_dag.py
[2026-08-23T13:15:12.998+0000] {processor.py:840} INFO - DAG(s) 'malaysia_offshore_scada_pipeline' retrieved from /opt/airflow/dags/offshore_scada_pipeline_dag.py
[2026-08-23T13:15:13.027+0000] {logging_mixin.py:188} INFO - [2026-08-23T13:15:13.027+0000] {dag.py:3036} INFO - Sync 1 DAGs
[2026-08-23T13:15:13.042+0000] {logging_mixin.py:188} INFO - [2026-08-23T13:15:13.042+0000] {dag.py:3823} INFO - Setting next_dagrun for malaysia_offshore_scada_pipeline to 2026-08-23 13:00:00+00:00, run_after=2026-08-23 14:00:00+00:00
[2026-08-23T13:15:13.054+0000] {processor.py:183} INFO - Processing /opt/airflow/dags/offshore_scada_pipeline_dag.py took 0.084 seconds
[2026-08-23T13:15:43.411+0000] {processor.py:161} INFO - Started process (PID=590) to work on /opt/airflow/dags/offshore_scada_pipeline_dag.py
[2026-08-23T13:15:43.414+0000] {processor.py:830} INFO - Processing file /opt/airflow/dags/offshore_scada_pipeline_dag.py for tasks to queue
[2026-08-23T13:15:43.415+0000] {logging_mixin.py:188} INFO - [2026-08-23T13:15:43.415+0000] {dagbag.py:538} INFO - Filling up the DagBag from /opt/airflow/dags/offshore_scada_pipeline_dag.py
[2026-08-23T13:15:43.434+0000] {processor.py:840} INFO - DAG(s) 'malaysia_offshore_scada_pipeline' retrieved from /opt/airflow/dags/offshore_scada_pipeline_dag.py
[2026-08-23T13:15:43.466+0000] {logging_mixin.py:188} INFO - [2026-08-23T13:15:43.466+0000] {dag.py:3036} INFO - Sync 1 DAGs
[2026-08-23T13:15:43.491+0000] {logging_mixin.py:188} INFO - [2026-08-23T13:15:43.491+0000] {dag.py:3823} INFO - Setting next_dagrun for malaysia_offshore_scada_pipeline to 2026-08-23 13:00:00+00:00, run_after=2026-08-23 14:00:00+00:00
[2026-08-23T13:15:43.502+0000] {processor.py:183} INFO - Processing /opt/airflow/dags/offshore_scada_pipeline_dag.py took 0.099 seconds
[2026-08-23T13:16:13.898+0000] {processor.py:161} INFO - Started process (PID=595) to work on /opt/airflow/dags/offshore_scada_pipeline_dag.py
[2026-08-23T13:16:13.899+0000] {processor.py:830} INFO - Processing file /opt/airflow/dags/offshore_scada_pipeline_dag.py for tasks to queue
[2026-08-23T13:16:13.903+0000] {logging_mixin.py:188} INFO - [2026-08-23T13:16:13.902+0000] {dagbag.py:538} INFO - Filling up the DagBag from /opt/airflow/dags/offshore_scada_pipeline_dag.py
[2026-08-23T13:16:13.918+0000] {processor.py:840} INFO - DAG(s) 'malaysia_offshore_scada_pipeline' retrieved from /opt/airflow/dags/offshore_scada_pipeline_dag.py
[2026-08-23T13:16:13.946+0000] {logging_mixin.py:188} INFO - [2026-08-23T13:16:13.946+0000] {dag.py:3036} INFO - Sync 1 DAGs
[2026-08-23T13:16:13.967+0000] {logging_mixin.py:188} INFO - [2026-08-23T13:16:13.966+0000] {dag.py:3823} INFO - Setting next_dagrun for malaysia_offshore_scada_pipeline to 2026-08-23 13:00:00+00:00, run_after=2026-08-23 14:00:00+00:00
[2026-08-23T13:16:13.975+0000] {processor.py:183} INFO - Processing /opt/airflow/dags/offshore_scada_pipeline_dag.py took 0.082 seconds
[2026-08-23T13:16:44.311+0000] {processor.py:161} INFO - Started process (PID=600) to work on /opt/airflow/dags/offshore_scada_pipeline_dag.py
[2026-08-23T13:16:44.313+0000] {processor.py:830} INFO - Processing file /opt/airflow/dags/offshore_scada_pipeline_dag.py for tasks to queue
[2026-08-23T13:16:44.315+0000] {logging_mixin.py:188} INFO - [2026-08-23T13:16:44.313+0000] {dagbag.py:538} INFO - Filling up the DagBag from /opt/airflow/dags/offshore_scada_pipeline_dag.py
[2026-08-23T13:16:44.340+0000] {processor.py:840} INFO - DAG(s) 'malaysia_offshore_scada_pipeline' retrieved from /opt/airflow/dags/offshore_scada_pipeline_dag.py
[2026-08-23T13:16:44.367+0000] {logging_mixin.py:188} INFO - [2026-08-23T13:16:44.367+0000] {dag.py:3036} INFO - Sync 1 DAGs
[2026-08-23T13:16:44.387+0000] {logging_mixin.py:188} INFO - [2026-08-23T13:16:44.387+0000] {dag.py:3823} INFO - Setting next_dagrun for malaysia_offshore_scada_pipeline to 2026-08-23 13:00:00+00:00, run_after=2026-08-23 14:00:00+00:00
[2026-08-23T13:16:44.396+0000] {processor.py:183} INFO - Processing /opt/airflow/dags/offshore_scada_pipeline_dag.py took 0.089 seconds
[2026-08-23T13:17:14.754+0000] {processor.py:161} INFO - Started process (PID=605) to work on /opt/airflow/dags/offshore_scada_pipeline_dag.py
[2026-08-23T13:17:14.756+0000] {processor.py:830} INFO - Processing file /opt/airflow/dags/offshore_scada_pipeline_dag.py for tasks to queue
[2026-08-23T13:17:14.757+0000] {logging_mixin.py:188} INFO - [2026-08-23T13:17:14.756+0000] {dagbag.py:538} INFO - Filling up the DagBag from /opt/airflow/dags/offshore_scada_pipeline_dag.py
[2026-08-23T13:17:14.774+0000] {processor.py:840} INFO - DAG(s) 'malaysia_offshore_scada_pipeline' retrieved from /opt/airflow/dags/offshore_scada_pipeline_dag.py
[2026-08-23T13:17:14.792+0000] {logging_mixin.py:188} INFO - [2026-08-23T13:17:14.792+0000] {dag.py:3036} INFO - Sync 1 DAGs
[2026-08-23T13:17:14.808+0000] {logging_mixin.py:188} INFO - [2026-08-23T13:17:14.808+0000] {dag.py:3823} INFO - Setting next_dagrun for malaysia_offshore_scada_pipeline to 2026-08-23 13:00:00+00:00, run_after=2026-08-23 14:00:00+00:00
[2026-08-23T13:17:14.816+0000] {processor.py:183} INFO - Processing /opt/airflow/dags/offshore_scada_pipeline_dag.py took 0.065 seconds
[2026-08-23T13:17:45.162+0000] {processor.py:161} INFO - Started process (PID=610) to work on /opt/airflow/dags/offshore_scada_pipeline_dag.py
[2026-08-23T13:17:45.164+0000] {processor.py:830} INFO - Processing file /opt/airflow/dags/offshore_scada_pipeline_dag.py for tasks to queue
[2026-08-23T13:17:45.166+0000] {logging_mixin.py:188} INFO - [2026-08-23T13:17:45.164+0000] {dagbag.py:538} INFO - Filling up the DagBag from /opt/airflow/dags/offshore_scada_pipeline_dag.py
[2026-08-23T13:17:45.191+0000] {processor.py:840} INFO - DAG(s) 'malaysia_offshore_scada_pipeline' retrieved from /opt/airflow/dags/offshore_scada_pipeline_dag.py
[2026-08-23T13:17:45.229+0000] {logging_mixin.py:188} INFO - [2026-08-23T13:17:45.228+0000] {dag.py:3036} INFO - Sync 1 DAGs
[2026-08-23T13:17:45.249+0000] {logging_mixin.py:188} INFO - [2026-08-23T13:17:45.248+0000] {dag.py:3823} INFO - Setting next_dagrun for malaysia_offshore_scada_pipeline to 2026-08-23 13:00:00+00:00, run_after=2026-08-23 14:00:00+00:00
[2026-08-23T13:17:45.259+0000] {processor.py:183} INFO - Processing /opt/airflow/dags/offshore_scada_pipeline_dag.py took 0.104 seconds
[2026-08-23T13:18:15.596+0000] {processor.py:161} INFO - Started process (PID=615) to work on /opt/airflow/dags/offshore_scada_pipeline_dag.py
[2026-08-23T13:18:15.597+0000] {processor.py:830} INFO - Processing file /opt/airflow/dags/offshore_scada_pipeline_dag.py for tasks to queue
[2026-08-23T13:18:15.598+0000] {logging_mixin.py:188} INFO - [2026-08-23T13:18:15.598+0000] {dagbag.py:538} INFO - Filling up the DagBag from /opt/airflow/dags/offshore_scada_pipeline_dag.py
[2026-08-23T13:18:15.614+0000] {processor.py:840} INFO - DAG(s) 'malaysia_offshore_scada_pipeline' retrieved from /opt/airflow/dags/offshore_scada_pipeline_dag.py
[2026-08-23T13:18:15.637+0000] {logging_mixin.py:188} INFO - [2026-08-23T13:18:15.636+0000] {dag.py:3036} INFO - Sync 1 DAGs
[2026-08-23T13:18:15.654+0000] {logging_mixin.py:188} INFO - [2026-08-23T13:18:15.654+0000] {dag.py:3823} INFO - Setting next_dagrun for malaysia_offshore_scada_pipeline to 2026-08-23 13:00:00+00:00, run_after=2026-08-23 14:00:00+00:00
[2026-08-23T13:18:15.661+0000] {processor.py:183} INFO - Processing /opt/airflow/dags/offshore_scada_pipeline_dag.py took 0.074 seconds
[2026-08-23T13:18:45.981+0000] {processor.py:161} INFO - Started process (PID=620) to work on /opt/airflow/dags/offshore_scada_pipeline_dag.py
[2026-08-23T13:18:45.984+0000] {processor.py:830} INFO - Processing file /opt/airflow/dags/offshore_scada_pipeline_dag.py for tasks to queue
[2026-08-23T13:18:45.985+0000] {logging_mixin.py:188} INFO - [2026-08-23T13:18:45.984+0000] {dagbag.py:538} INFO - Filling up the DagBag from /opt/airflow/dags/offshore_scada_pipeline_dag.py
[2026-08-23T13:18:46.007+0000] {processor.py:840} INFO - DAG(s) 'malaysia_offshore_scada_pipeline' retrieved from /opt/airflow/dags/offshore_scada_pipeline_dag.py
[2026-08-23T13:18:46.035+0000] {logging_mixin.py:188} INFO - [2026-08-23T13:18:46.035+0000] {dag.py:3036} INFO - Sync 1 DAGs
[2026-08-23T13:18:46.058+0000] {logging_mixin.py:188} INFO - [2026-08-23T13:18:46.057+0000] {dag.py:3823} INFO - Setting next_dagrun for malaysia_offshore_scada_pipeline to 2026-08-23 13:00:00+00:00, run_after=2026-08-23 14:00:00+00:00
[2026-08-23T13:18:46.071+0000] {processor.py:183} INFO - Processing /opt/airflow/dags/offshore_scada_pipeline_dag.py took 0.099 seconds
[2026-08-23T13:19:16.421+0000] {processor.py:161} INFO - Started process (PID=625) to work on /opt/airflow/dags/offshore_scada_pipeline_dag.py
[2026-08-23T13:19:16.423+0000] {processor.py:830} INFO - Processing file /opt/airflow/dags/offshore_scada_pipeline_dag.py for tasks to queue
[2026-08-23T13:19:16.424+0000] {logging_mixin.py:188} INFO - [2026-08-23T13:19:16.423+0000] {dagbag.py:538} INFO - Filling up the DagBag from /opt/airflow/dags/offshore_scada_pipeline_dag.py
[2026-08-23T13:19:16.440+0000] {processor.py:840} INFO - DAG(s) 'malaysia_offshore_scada_pipeline' retrieved from /opt/airflow/dags/offshore_scada_pipeline_dag.py
[2026-08-23T13:19:16.461+0000] {logging_mixin.py:188} INFO - [2026-08-23T13:19:16.461+0000] {dag.py:3036} INFO - Sync 1 DAGs
[2026-08-23T13:19:16.480+0000] {logging_mixin.py:188} INFO - [2026-08-23T13:19:16.480+0000] {dag.py:3823} INFO - Setting next_dagrun for malaysia_offshore_scada_pipeline to 2026-08-23 13:00:00+00:00, run_after=2026-08-23 14:00:00+00:00
[2026-08-23T13:19:16.487+0000] {processor.py:183} INFO - Processing /opt/airflow/dags/offshore_scada_pipeline_dag.py took 0.072 seconds
[2026-08-23T13:19:46.867+0000] {processor.py:161} INFO - Started process (PID=630) to work on /opt/airflow/dags/offshore_scada_pipeline_dag.py
[2026-08-23T13:19:46.869+0000] {processor.py:830} INFO - Processing file /opt/airflow/dags/offshore_scada_pipeline_dag.py for tasks to queue
[2026-08-23T13:19:46.870+0000] {logging_mixin.py:188} INFO - [2026-08-23T13:19:46.870+0000] {dagbag.py:538} INFO - Filling up the DagBag from /opt/airflow/dags/offshore_scada_pipeline_dag.py
[2026-08-23T13:19:46.888+0000] {processor.py:840} INFO - DAG(s) 'malaysia_offshore_scada_pipeline' retrieved from /opt/airflow/dags/offshore_scada_pipeline_dag.py
[2026-08-23T13:19:46.907+0000] {logging_mixin.py:188} INFO - [2026-08-23T13:19:46.907+0000] {dag.py:3036} INFO - Sync 1 DAGs
[2026-08-23T13:19:46.920+0000] {logging_mixin.py:188} INFO - [2026-08-23T13:19:46.920+0000] {dag.py:3823} INFO - Setting next_dagrun for malaysia_offshore_scada_pipeline to 2026-08-23 13:00:00+00:00, run_after=2026-08-23 14:00:00+00:00
[2026-08-23T13:19:46.929+0000] {processor.py:183} INFO - Processing /opt/airflow/dags/offshore_scada_pipeline_dag.py took 0.066 seconds
[2026-08-23T13:20:17.341+0000] {processor.py:161} INFO - Started process (PID=635) to work on /opt/airflow/dags/offshore_scada_pipeline_dag.py
[2026-08-23T13:20:17.343+0000] {processor.py:830} INFO - Processing file /opt/airflow/dags/offshore_scada_pipeline_dag.py for tasks to queue
[2026-08-23T13:20:17.344+0000] {logging_mixin.py:188} INFO - [2026-08-23T13:20:17.344+0000] {dagbag.py:538} INFO - Filling up the DagBag from /opt/airflow/dags/offshore_scada_pipeline_dag.py
[2026-08-23T13:20:17.373+0000] {processor.py:840} INFO - DAG(s) 'malaysia_offshore_scada_pipeline' retrieved from /opt/airflow/dags/offshore_scada_pipeline_dag.py
[2026-08-23T13:20:17.395+0000] {logging_mixin.py:188} INFO - [2026-08-23T13:20:17.395+0000] {dag.py:3036} INFO - Sync 1 DAGs
[2026-08-23T13:20:17.416+0000] {logging_mixin.py:188} INFO - [2026-08-23T13:20:17.416+0000] {dag.py:3823} INFO - Setting next_dagrun for malaysia_offshore_scada_pipeline to 2026-08-23 13:00:00+00:00, run_after=2026-08-23 14:00:00+00:00
[2026-08-23T13:20:17.425+0000] {processor.py:183} INFO - Processing /opt/airflow/dags/offshore_scada_pipeline_dag.py took 0.090 seconds
[2026-08-23T13:20:47.744+0000] {processor.py:161} INFO - Started process (PID=640) to work on /opt/airflow/dags/offshore_scada_pipeline_dag.py
[2026-08-23T13:20:47.746+0000] {processor.py:830} INFO - Processing file /opt/airflow/dags/offshore_scada_pipeline_dag.py for tasks to queue
[2026-08-23T13:20:47.747+0000] {logging_mixin.py:188} INFO - [2026-08-23T13:20:47.746+0000] {dagbag.py:538} INFO - Filling up the DagBag from /opt/airflow/dags/offshore_scada_pipeline_dag.py
[2026-08-23T13:20:47.766+0000] {processor.py:840} INFO - DAG(s) 'malaysia_offshore_scada_pipeline' retrieved from /opt/airflow/dags/offshore_scada_pipeline_dag.py
[2026-08-23T13:20:47.786+0000] {logging_mixin.py:188} INFO - [2026-08-23T13:20:47.786+0000] {dag.py:3036} INFO - Sync 1 DAGs
[2026-08-23T13:20:47.805+0000] {logging_mixin.py:188} INFO - [2026-08-23T13:20:47.805+0000] {dag.py:3823} INFO - Setting next_dagrun for malaysia_offshore_scada_pipeline to 2026-08-23 13:00:00+00:00, run_after=2026-08-23 14:00:00+00:00
[2026-08-23T13:20:47.814+0000] {processor.py:183} INFO - Processing /opt/airflow/dags/offshore_scada_pipeline_dag.py took 0.075 seconds
[2026-08-23T13:21:18.207+0000] {processor.py:161} INFO - Started process (PID=645) to work on /opt/airflow/dags/offshore_scada_pipeline_dag.py
[2026-08-23T13:21:18.209+0000] {processor.py:830} INFO - Processing file /opt/airflow/dags/offshore_scada_pipeline_dag.py for tasks to queue
[2026-08-23T13:21:18.210+0000] {logging_mixin.py:188} INFO - [2026-08-23T13:21:18.209+0000] {dagbag.py:538} INFO - Filling up the DagBag from /opt/airflow/dags/offshore_scada_pipeline_dag.py
[2026-08-23T13:21:18.232+0000] {processor.py:840} INFO - DAG(s) 'malaysia_offshore_scada_pipeline' retrieved from /opt/airflow/dags/offshore_scada_pipeline_dag.py
[2026-08-23T13:21:18.261+0000] {logging_mixin.py:188} INFO - [2026-08-23T13:21:18.260+0000] {dag.py:3036} INFO - Sync 1 DAGs
[2026-08-23T13:21:18.281+0000] {logging_mixin.py:188} INFO - [2026-08-23T13:21:18.281+0000] {dag.py:3823} INFO - Setting next_dagrun for malaysia_offshore_scada_pipeline to 2026-08-23 13:00:00+00:00, run_after=2026-08-23 14:00:00+00:00
[2026-08-23T13:21:18.300+0000] {processor.py:183} INFO - Processing /opt/airflow/dags/offshore_scada_pipeline_dag.py took 0.098 seconds
[2026-08-23T13:21:48.649+0000] {processor.py:161} INFO - Started process (PID=650) to work on /opt/airflow/dags/offshore_scada_pipeline_dag.py
[2026-08-23T13:21:48.652+0000] {processor.py:830} INFO - Processing file /opt/airflow/dags/offshore_scada_pipeline_dag.py for tasks to queue
[2026-08-23T13:21:48.655+0000] {logging_mixin.py:188} INFO - [2026-08-23T13:21:48.653+0000] {dagbag.py:538} INFO - Filling up the DagBag from /opt/airflow/dags/offshore_scada_pipeline_dag.py
[2026-08-23T13:21:48.680+0000] {processor.py:840} INFO - DAG(s) 'malaysia_offshore_scada_pipeline' retrieved from /opt/airflow/dags/offshore_scada_pipeline_dag.py
[2026-08-23T13:21:48.712+0000] {logging_mixin.py:188} INFO - [2026-08-23T13:21:48.712+0000] {dag.py:3036} INFO - Sync 1 DAGs
[2026-08-23T13:21:48.728+0000] {logging_mixin.py:188} INFO - [2026-08-23T13:21:48.728+0000] {dag.py:3823} INFO - Setting next_dagrun for malaysia_offshore_scada_pipeline to 2026-08-23 13:00:00+00:00, run_after=2026-08-23 14:00:00+00:00
[2026-08-23T13:21:48.735+0000] {processor.py:183} INFO - Processing /opt/airflow/dags/offshore_scada_pipeline_dag.py took 0.090 seconds
[2026-08-23T13:22:19.134+0000] {processor.py:161} INFO - Started process (PID=655) to work on /opt/airflow/dags/offshore_scada_pipeline_dag.py
[2026-08-23T13:22:19.136+0000] {processor.py:830} INFO - Processing file /opt/airflow/dags/offshore_scada_pipeline_dag.py for tasks to queue
[2026-08-23T13:22:19.137+0000] {logging_mixin.py:188} INFO - [2026-08-23T13:22:19.136+0000] {dagbag.py:538} INFO - Filling up the DagBag from /opt/airflow/dags/offshore_scada_pipeline_dag.py
[2026-08-23T13:22:19.157+0000] {processor.py:840} INFO - DAG(s) 'malaysia_offshore_scada_pipeline' retrieved from /opt/airflow/dags/offshore_scada_pipeline_dag.py
[2026-08-23T13:22:19.184+0000] {logging_mixin.py:188} INFO - [2026-08-23T13:22:19.184+0000] {dag.py:3036} INFO - Sync 1 DAGs
[2026-08-23T13:22:19.216+0000] {logging_mixin.py:188} INFO - [2026-08-23T13:22:19.216+0000] {dag.py:3823} INFO - Setting next_dagrun for malaysia_offshore_scada_pipeline to 2026-08-23 13:00:00+00:00, run_after=2026-08-23 14:00:00+00:00
[2026-08-23T13:22:19.230+0000] {processor.py:183} INFO - Processing /opt/airflow/dags/offshore_scada_pipeline_dag.py took 0.100 seconds
[2026-08-23T13:22:49.576+0000] {processor.py:161} INFO - Started process (PID=660) to work on /opt/airflow/dags/offshore_scada_pipeline_dag.py
[2026-08-23T13:22:49.578+0000] {processor.py:830} INFO - Processing file /opt/airflow/dags/offshore_scada_pipeline_dag.py for tasks to queue
[2026-08-23T13:22:49.580+0000] {logging_mixin.py:188} INFO - [2026-08-23T13:22:49.580+0000] {dagbag.py:538} INFO - Filling up the DagBag from /opt/airflow/dags/offshore_scada_pipeline_dag.py
[2026-08-23T13:22:49.603+0000] {processor.py:840} INFO - DAG(s) 'malaysia_offshore_scada_pipeline' retrieved from /opt/airflow/dags/offshore_scada_pipeline_dag.py
[2026-08-23T13:22:49.641+0000] {logging_mixin.py:188} INFO - [2026-08-23T13:22:49.641+0000] {dag.py:3036} INFO - Sync 1 DAGs
[2026-08-23T13:22:49.657+0000] {logging_mixin.py:188} INFO - [2026-08-23T13:22:49.657+0000] {dag.py:3823} INFO - Setting next_dagrun for malaysia_offshore_scada_pipeline to 2026-08-23 13:00:00+00:00, run_after=2026-08-23 14:00:00+00:00
[2026-08-23T13:22:49.665+0000] {processor.py:183} INFO - Processing /opt/airflow/dags/offshore_scada_pipeline_dag.py took 0.106 seconds
[2026-08-23T13:23:20.068+0000] {processor.py:161} INFO - Started process (PID=665) to work on /opt/airflow/dags/offshore_scada_pipeline_dag.py
[2026-08-23T13:23:20.076+0000] {processor.py:830} INFO - Processing file /opt/airflow/dags/offshore_scada_pipeline_dag.py for tasks to queue
[2026-08-23T13:23:20.077+0000] {logging_mixin.py:188} INFO - [2026-08-23T13:23:20.077+0000] {dagbag.py:538} INFO - Filling up the DagBag from /opt/airflow/dags/offshore_scada_pipeline_dag.py
[2026-08-23T13:23:20.103+0000] {processor.py:840} INFO - DAG(s) 'malaysia_offshore_scada_pipeline' retrieved from /opt/airflow/dags/offshore_scada_pipeline_dag.py
[2026-08-23T13:23:20.135+0000] {logging_mixin.py:188} INFO - [2026-08-23T13:23:20.135+0000] {dag.py:3036} INFO - Sync 1 DAGs
[2026-08-23T13:23:20.161+0000] {logging_mixin.py:188} INFO - [2026-08-23T13:23:20.161+0000] {dag.py:3823} INFO - Setting next_dagrun for malaysia_offshore_scada_pipeline to 2026-08-23 13:00:00+00:00, run_after=2026-08-23 14:00:00+00:00
[2026-08-23T13:23:20.171+0000] {processor.py:183} INFO - Processing /opt/airflow/dags/offshore_scada_pipeline_dag.py took 0.112 seconds
[2026-08-23T13:23:50.501+0000] {processor.py:161} INFO - Started process (PID=670) to work on /opt/airflow/dags/offshore_scada_pipeline_dag.py
[2026-08-23T13:23:50.506+0000] {processor.py:830} INFO - Processing file /opt/airflow/dags/offshore_scada_pipeline_dag.py for tasks to queue
[2026-08-23T13:23:50.508+0000] {logging_mixin.py:188} INFO - [2026-08-23T13:23:50.507+0000] {dagbag.py:538} INFO - Filling up the DagBag from /opt/airflow/dags/offshore_scada_pipeline_dag.py
[2026-08-23T13:23:50.537+0000] {processor.py:840} INFO - DAG(s) 'malaysia_offshore_scada_pipeline' retrieved from /opt/airflow/dags/offshore_scada_pipeline_dag.py
[2026-08-23T13:23:50.560+0000] {logging_mixin.py:188} INFO - [2026-08-23T13:23:50.559+0000] {dag.py:3036} INFO - Sync 1 DAGs
[2026-08-23T13:23:50.576+0000] {logging_mixin.py:188} INFO - [2026-08-23T13:23:50.576+0000] {dag.py:3823} INFO - Setting next_dagrun for malaysia_offshore_scada_pipeline to 2026-08-23 13:00:00+00:00, run_after=2026-08-23 14:00:00+00:00
[2026-08-23T13:23:50.584+0000] {processor.py:183} INFO - Processing /opt/airflow/dags/offshore_scada_pipeline_dag.py took 0.088 seconds
[2026-08-23T13:24:20.947+0000] {processor.py:161} INFO - Started process (PID=675) to work on /opt/airflow/dags/offshore_scada_pipeline_dag.py
[2026-08-23T13:24:20.949+0000] {processor.py:830} INFO - Processing file /opt/airflow/dags/offshore_scada_pipeline_dag.py for tasks to queue
[2026-08-23T13:24:20.949+0000] {logging_mixin.py:188} INFO - [2026-08-23T13:24:20.949+0000] {dagbag.py:538} INFO - Filling up the DagBag from /opt/airflow/dags/offshore_scada_pipeline_dag.py
[2026-08-23T13:24:20.969+0000] {processor.py:840} INFO - DAG(s) 'malaysia_offshore_scada_pipeline' retrieved from /opt/airflow/dags/offshore_scada_pipeline_dag.py
[2026-08-23T13:24:21.000+0000] {logging_mixin.py:188} INFO - [2026-08-23T13:24:21.000+0000] {dag.py:3036} INFO - Sync 1 DAGs
[2026-08-23T13:24:21.014+0000] {logging_mixin.py:188} INFO - [2026-08-23T13:24:21.014+0000] {dag.py:3823} INFO - Setting next_dagrun for malaysia_offshore_scada_pipeline to 2026-08-23 13:00:00+00:00, run_after=2026-08-23 14:00:00+00:00
[2026-08-23T13:24:21.027+0000] {processor.py:183} INFO - Processing /opt/airflow/dags/offshore_scada_pipeline_dag.py took 0.085 seconds
[2026-08-23T13:24:51.376+0000] {processor.py:161} INFO - Started process (PID=680) to work on /opt/airflow/dags/offshore_scada_pipeline_dag.py
[2026-08-23T13:24:51.379+0000] {processor.py:830} INFO - Processing file /opt/airflow/dags/offshore_scada_pipeline_dag.py for tasks to queue
[2026-08-23T13:24:51.380+0000] {logging_mixin.py:188} INFO - [2026-08-23T13:24:51.380+0000] {dagbag.py:538} INFO - Filling up the DagBag from /opt/airflow/dags/offshore_scada_pipeline_dag.py
[2026-08-23T13:24:51.409+0000] {processor.py:840} INFO - DAG(s) 'malaysia_offshore_scada_pipeline' retrieved from /opt/airflow/dags/offshore_scada_pipeline_dag.py
[2026-08-23T13:24:51.438+0000] {logging_mixin.py:188} INFO - [2026-08-23T13:24:51.438+0000] {dag.py:3036} INFO - Sync 1 DAGs
[2026-08-23T13:24:51.457+0000] {logging_mixin.py:188} INFO - [2026-08-23T13:24:51.457+0000] {dag.py:3823} INFO - Setting next_dagrun for malaysia_offshore_scada_pipeline to 2026-08-23 13:00:00+00:00, run_after=2026-08-23 14:00:00+00:00
[2026-08-23T13:24:51.468+0000] {processor.py:183} INFO - Processing /opt/airflow/dags/offshore_scada_pipeline_dag.py took 0.096 seconds
[2026-08-23T13:25:21.864+0000] {processor.py:161} INFO - Started process (PID=685) to work on /opt/airflow/dags/offshore_scada_pipeline_dag.py
[2026-08-23T13:25:21.866+0000] {processor.py:830} INFO - Processing file /opt/airflow/dags/offshore_scada_pipeline_dag.py for tasks to queue
[2026-08-23T13:25:21.867+0000] {logging_mixin.py:188} INFO - [2026-08-23T13:25:21.866+0000] {dagbag.py:538} INFO - Filling up the DagBag from /opt/airflow/dags/offshore_scada_pipeline_dag.py
[2026-08-23T13:25:21.883+0000] {processor.py:840} INFO - DAG(s) 'malaysia_offshore_scada_pipeline' retrieved from /opt/airflow/dags/offshore_scada_pipeline_dag.py
[2026-08-23T13:25:21.912+0000] {logging_mixin.py:188} INFO - [2026-08-23T13:25:21.911+0000] {dag.py:3036} INFO - Sync 1 DAGs
[2026-08-23T13:25:21.927+0000] {logging_mixin.py:188} INFO - [2026-08-23T13:25:21.927+0000] {dag.py:3823} INFO - Setting next_dagrun for malaysia_offshore_scada_pipeline to 2026-08-23 13:00:00+00:00, run_after=2026-08-23 14:00:00+00:00
[2026-08-23T13:25:21.938+0000] {processor.py:183} INFO - Processing /opt/airflow/dags/offshore_scada_pipeline_dag.py took 0.082 seconds
[2026-08-23T13:25:52.309+0000] {processor.py:161} INFO - Started process (PID=690) to work on /opt/airflow/dags/offshore_scada_pipeline_dag.py
[2026-08-23T13:25:52.310+0000] {processor.py:830} INFO - Processing file /opt/airflow/dags/offshore_scada_pipeline_dag.py for tasks to queue
[2026-08-23T13:25:52.311+0000] {logging_mixin.py:188} INFO - [2026-08-23T13:25:52.311+0000] {dagbag.py:538} INFO - Filling up the DagBag from /opt/airflow/dags/offshore_scada_pipeline_dag.py
[2026-08-23T13:25:52.334+0000] {processor.py:840} INFO - DAG(s) 'malaysia_offshore_scada_pipeline' retrieved from /opt/airflow/dags/offshore_scada_pipeline_dag.py
[2026-08-23T13:25:52.366+0000] {logging_mixin.py:188} INFO - [2026-08-23T13:25:52.366+0000] {dag.py:3036} INFO - Sync 1 DAGs
[2026-08-23T13:25:52.384+0000] {logging_mixin.py:188} INFO - [2026-08-23T13:25:52.384+0000] {dag.py:3823} INFO - Setting next_dagrun for malaysia_offshore_scada_pipeline to 2026-08-23 13:00:00+00:00, run_after=2026-08-23 14:00:00+00:00
[2026-08-23T13:25:52.395+0000] {processor.py:183} INFO - Processing /opt/airflow/dags/offshore_scada_pipeline_dag.py took 0.090 seconds
[2026-08-23T13:26:22.760+0000] {processor.py:161} INFO - Started process (PID=695) to work on /opt/airflow/dags/offshore_scada_pipeline_dag.py
[2026-08-23T13:26:22.761+0000] {processor.py:830} INFO - Processing file /opt/airflow/dags/offshore_scada_pipeline_dag.py for tasks to queue
[2026-08-23T13:26:22.762+0000] {logging_mixin.py:188} INFO - [2026-08-23T13:26:22.762+0000] {dagbag.py:538} INFO - Filling up the DagBag from /opt/airflow/dags/offshore_scada_pipeline_dag.py
[2026-08-23T13:26:22.788+0000] {processor.py:840} INFO - DAG(s) 'malaysia_offshore_scada_pipeline' retrieved from /opt/airflow/dags/offshore_scada_pipeline_dag.py
[2026-08-23T13:26:22.815+0000] {logging_mixin.py:188} INFO - [2026-08-23T13:26:22.815+0000] {dag.py:3036} INFO - Sync 1 DAGs
[2026-08-23T13:26:22.833+0000] {logging_mixin.py:188} INFO - [2026-08-23T13:26:22.833+0000] {dag.py:3823} INFO - Setting next_dagrun for malaysia_offshore_scada_pipeline to 2026-08-23 13:00:00+00:00, run_after=2026-08-23 14:00:00+00:00
[2026-08-23T13:26:22.841+0000] {processor.py:183} INFO - Processing /opt/airflow/dags/offshore_scada_pipeline_dag.py took 0.088 seconds
[2026-08-23T13:26:53.070+0000] {processor.py:161} INFO - Started process (PID=700) to work on /opt/airflow/dags/offshore_scada_pipeline_dag.py
[2026-08-23T13:26:53.072+0000] {processor.py:830} INFO - Processing file /opt/airflow/dags/offshore_scada_pipeline_dag.py for tasks to queue
[2026-08-23T13:26:53.073+0000] {logging_mixin.py:188} INFO - [2026-08-23T13:26:53.072+0000] {dagbag.py:538} INFO - Filling up the DagBag from /opt/airflow/dags/offshore_scada_pipeline_dag.py
[2026-08-23T13:26:53.090+0000] {processor.py:840} INFO - DAG(s) 'malaysia_offshore_scada_pipeline' retrieved from /opt/airflow/dags/offshore_scada_pipeline_dag.py
[2026-08-23T13:26:53.121+0000] {logging_mixin.py:188} INFO - [2026-08-23T13:26:53.120+0000] {dag.py:3036} INFO - Sync 1 DAGs
[2026-08-23T13:26:53.138+0000] {logging_mixin.py:188} INFO - [2026-08-23T13:26:53.138+0000] {dag.py:3823} INFO - Setting next_dagrun for malaysia_offshore_scada_pipeline to 2026-08-23 13:00:00+00:00, run_after=2026-08-23 14:00:00+00:00
[2026-08-23T13:26:53.145+0000] {processor.py:183} INFO - Processing /opt/airflow/dags/offshore_scada_pipeline_dag.py took 0.079 seconds
[2026-08-23T13:27:23.473+0000] {processor.py:161} INFO - Started process (PID=705) to work on /opt/airflow/dags/offshore_scada_pipeline_dag.py
[2026-08-23T13:27:23.476+0000] {processor.py:830} INFO - Processing file /opt/airflow/dags/offshore_scada_pipeline_dag.py for tasks to queue
[2026-08-23T13:27:23.477+0000] {logging_mixin.py:188} INFO - [2026-08-23T13:27:23.476+0000] {dagbag.py:538} INFO - Filling up the DagBag from /opt/airflow/dags/offshore_scada_pipeline_dag.py
[2026-08-23T13:27:23.500+0000] {processor.py:840} INFO - DAG(s) 'malaysia_offshore_scada_pipeline' retrieved from /opt/airflow/dags/offshore_scada_pipeline_dag.py
[2026-08-23T13:27:23.549+0000] {logging_mixin.py:188} INFO - [2026-08-23T13:27:23.549+0000] {dag.py:3036} INFO - Sync 1 DAGs
[2026-08-23T13:27:23.569+0000] {logging_mixin.py:188} INFO - [2026-08-23T13:27:23.569+0000] {dag.py:3823} INFO - Setting next_dagrun for malaysia_offshore_scada_pipeline to 2026-08-23 13:00:00+00:00, run_after=2026-08-23 14:00:00+00:00
[2026-08-23T13:27:23.579+0000] {processor.py:183} INFO - Processing /opt/airflow/dags/offshore_scada_pipeline_dag.py took 0.119 seconds
